{
    "1": 0,
    "10": 0,
    "100": 0.30375525192774117,
    "11": 0.7565694386143056,
    "12": 0.8033332261765394,
    "13": 0.7814336120019157,
    "14": 0.6377960634697447,
    "15": 0.5039006723509002,
    "16": 0.7382390280241823,
    "17": 0.8046992717454678,
    "18": 0.6442272709767564,
    "19": 0.7887132587764534,
    "2": 0,
    "20": 0.5106813357123385,
    "21": 0.7566175643335705,
    "22": 0.7446865154876017,
    "23": 0.7662949694679821,
    "24": 0.5297238523610269,
    "25": 0.5059517416240945,
    "26": 0.7662642704913238,
    "27": 0.3990380137006189,
    "28": 0.5168175982685493,
    "29": 0.7504493416240678,
    "3": 0,
    "30": 0.6457459135921962,
    "31": 0.7377093863270673,
    "32": 0.7269218715476444,
    "33": 0.532495422001273,
    "34": 0.7299026406308263,
    "35": 0.5063086029733369,
    "36": 0.7520565410968203,
    "37": 0.728104839315928,
    "38": 0.35126227878230654,
    "39": 0.536342291096963,
    "4": 0,
    "40": 0.7564223384060281,
    "41": 0.6880285351823434,
    "42": 0.4078841397979054,
    "43": 0.46731995536948473,
    "44": 0.33261269426802753,
    "45": 0.31284004343807825,
    "46": 0.3402306078850597,
    "47": 0.3554900174509501,
    "48": 0.7015668169798975,
    "49": 0.311834199720202,
    "5": 0,
    "50": 0.3162997043233885,
    "51": 0.8034219265289273,
    "52": 0,
    "53": 0,
    "54": 0,
    "55": 0,
    "56": 0,
    "57": 0,
    "58": 0.5121956108076666,
    "59": 0,
    "6": 0,
    "60": 0,
    "61": 0.756480797000492,
    "62": 0.8056638753016351,
    "63": 0.7819169203457814,
    "64": 0.6378675152569582,
    "65": 0.5045535275636837,
    "66": 0.7381947369706926,
    "67": 0.809554485287609,
    "68": 0.6431625750513871,
    "69": 0.7887252232359242,
    "7": 0,
    "70": 0.5120081848079475,
    "71": 0.7574383950886423,
    "72": 0.7450724505249103,
    "73": 0.7662958835491521,
    "74": 0.5324650207364223,
    "75": 0.5081017396537106,
    "76": 0.7662674520301447,
    "77": 0.6705304139166146,
    "78": 0.7145267047650188,
    "79": 0.7504600994503615,
    "8": 0,
    "80": 0.6457707243036269,
    "81": 0.7382194962288893,
    "82": 0.7166317689887894,
    "83": 0.5364673318093198,
    "84": 0.7296114938755609,
    "85": 0.512227976072281,
    "86": 0.7504797013610174,
    "87": 0.7200868633239559,
    "88": 0.346646014812252,
    "89": 0.5363562095966857,
    "9": 0,
    "90": 0.7563687283490489,
    "91": 0.6924332241853662,
    "92": 0.41086886915724924,
    "93": 0.7214314771681013,
    "94": 0.33321676737734457,
    "95": 0.3130141233202448,
    "96": 0.340893800838669,
    "97": 0.34702353644032224,
    "98": 0.7016422164750008,
    "99": 0.3116334396598791
}