{
    "1": 0,
    "10": 0,
    "100": 0.3350277725116786,
    "11": 0,
    "12": 0.8014327554835167,
    "13": 0.7813409923414458,
    "14": 0.6694461053541874,
    "15": 0.5119626710770999,
    "16": 0.7545860823254148,
    "17": 0.812264353402655,
    "18": 0.66944261601905,
    "19": 0.8155651940853135,
    "2": 0,
    "20": 0.5119571868700072,
    "21": 0.7773438976632818,
    "22": 0.7582296235323414,
    "23": 0.794321013150421,
    "24": 0.40404932194256915,
    "25": 0.511949024789306,
    "26": 0.7913125155396663,
    "27": 0.4088189583744212,
    "28": 0.7000383415507216,
    "29": 0.7542315232390897,
    "3": 0,
    "30": 0.6694369958234161,
    "31": 0.7515775958598674,
    "32": 0.729273317668199,
    "33": 0.6710920651310701,
    "34": 0.7184780645061081,
    "35": 0.5119107198984222,
    "36": 0.7554792841006426,
    "37": 0.7359440917884941,
    "38": 0.3544312151960678,
    "39": 0.36945614098791296,
    "4": 0,
    "40": 0.7772854809718046,
    "41": 0.7314690382084282,
    "42": 0.401756469534297,
    "43": 0.5375630951749539,
    "44": 0.5264181166907693,
    "45": 0.3194226454474622,
    "46": 0.28349810528072517,
    "47": 0.41261778337891125,
    "48": 0.7256895077446974,
    "49": 0.3486643991045895,
    "5": 0,
    "50": 0.39408754011391733,
    "51": 0,
    "52": 0,
    "53": 0,
    "54": 0,
    "55": 0,
    "56": 0.8077837489070794,
    "57": 0,
    "58": 0,
    "59": 0,
    "6": 0,
    "60": 0,
    "61": 0,
    "62": 0,
    "63": 0,
    "64": 0.6694386017448294,
    "65": 0.5118338140210278,
    "66": 0.7515892640101487,
    "67": 0.808160754306159,
    "68": 0.7217690886475878,
    "69": 0.8086884507819243,
    "7": 0,
    "70": 0.5120249182227099,
    "71": 0.7773179182297786,
    "72": 0.7556481177447162,
    "73": 0.7922197681356997,
    "74": 0.40344581225809456,
    "75": 0.5118911435753957,
    "76": 0.7943244179941185,
    "77": 0.660557767553447,
    "78": 0.7333444961569751,
    "79": 0.7542606303572675,
    "8": 0,
    "80": 0.6694338514807625,
    "81": 0.7547666112133744,
    "82": 0.7378152589724456,
    "83": 0.4032971246457938,
    "84": 0.719459081972155,
    "85": 0.5118558431438803,
    "86": 0.7554942393588061,
    "87": 0.7184189693152867,
    "88": 0.5429820408781998,
    "89": 0.5475987766306767,
    "9": 0,
    "90": 0.7815514557315761,
    "91": 0.7208781728033086,
    "92": 0.37949035817913496,
    "93": 0.7111984468717167,
    "94": 0.46708202940659965,
    "95": 0.31664371978549966,
    "96": 0.26265247251501306,
    "97": 0.41267572527096447,
    "98": 0.7148169666901509,
    "99": 0.36295664272674466
}