{
    "1": 0,
    "10": 0,
    "100": 0.3261225587552486,
    "11": 0,
    "12": 0.8014327554835167,
    "13": 0.7813409923414458,
    "14": 0.01,
    "15": 0.5658102205346567,
    "16": 0.7545860823254148,
    "17": 0.812264353402655,
    "18": 0.6788539075292157,
    "19": 0.8155651940853135,
    "2": 0,
    "20": 0.5337473061470216,
    "21": 0.7763253207346609,
    "22": 0.7680895349817098,
    "23": 0.8152405566902485,
    "24": 0.40932835911261306,
    "25": 0.5749218122262926,
    "26": 0.7913125155396663,
    "27": 0.4658353074244241,
    "28": 0.6614260825329422,
    "29": 0.7542315232390897,
    "3": 0,
    "30": 0.6739493641498995,
    "31": 0.7515775958598674,
    "32": 0.729273317668199,
    "33": 0.40827461167156265,
    "34": 0.7184780645061081,
    "35": 0.551916143982847,
    "36": 0.7554792841006426,
    "37": 0.7236480187281437,
    "38": 0.33745807873986566,
    "39": 0.5949215771059577,
    "4": 0,
    "40": 0.7772854809718046,
    "41": 0.7314690382084282,
    "42": 0.3345180869348555,
    "43": 0.545349011504288,
    "44": 0.4437884341410515,
    "45": 0.3891298946685328,
    "46": 0.2998204011709557,
    "47": 0.3698291805943445,
    "48": 0.7034266008330322,
    "49": 0.410707976305976,
    "5": 0,
    "50": 0.3870458132956877,
    "51": 0,
    "52": 0,
    "53": 0,
    "54": 0,
    "55": 0,
    "56": 0.8077837489070794,
    "57": 0,
    "58": 0,
    "59": 0,
    "6": 0,
    "60": 0,
    "61": 0,
    "62": 0,
    "63": 0,
    "64": 0.01,
    "65": 0.01,
    "66": 0.7515892640101487,
    "67": 0.808160754306159,
    "68": 0.6867732242845074,
    "69": 0.8086884507819243,
    "7": 0,
    "70": 0.5832101264943352,
    "71": 0.7773179182297786,
    "72": 0.7676893999209977,
    "73": 0.7922197681356997,
    "74": 0.4210927117128859,
    "75": 0.5582605935733495,
    "76": 0.7943244179941185,
    "77": 0.4978426707790081,
    "78": 0.01,
    "79": 0.7595084786505778,
    "8": 0,
    "80": 0.6651952672839144,
    "81": 0.7733331898040862,
    "82": 0.7378152589724456,
    "83": 0.37310151226441235,
    "84": 0.7319628567143948,
    "85": 0.5517316356275203,
    "86": 0.7554942393588061,
    "87": 0.7217283837055942,
    "88": 0.5072558992695531,
    "89": 0.5956067642296812,
    "9": 0,
    "90": 0.7817497017392615,
    "91": 0.7041790220058479,
    "92": 0.42959273180654994,
    "93": 0.5510454043296034,
    "94": 0.46708202940659965,
    "95": 0.4494799539373227,
    "96": 0.33353820044346977,
    "97": 0.3955182889055432,
    "98": 0.7350909025592666,
    "99": 0.36446986921002467
}