{"job1": 0, "job45": 78.69, "job2": 0, "job3": 0, "job40": 129.69, "job15": 0, "job13": 141.70999999999998, "job37": 129.45999999999998, "job50": 101.265, "job39": 98.73, "job49": 79.64, "job44": 113.05, "job32": 108.92, "job25": 109.5, "job6": 0, "job12": 146.84, "job43": 112.78, "job35": 109.89, "job29": 122.11, "job7": 0, "job46": 75.62, "job23": 146.55, "job47": 105.74, "job34": 102.92, "job21": 124.6, "job33": 109.51, "job36": 141.04, "job24": 75.75, "job28": 122.91499999999999, "job48": 108.39, "job17": 143.89, "job8": 0, "job30": 122.46, "job41": 101.15, "job16": 135.44, "job27": 100.65, "job20": 130.13, "job38": 106.56, "job11": 124.2, "job42": 100.13, "job10": 0, "job22": 127.445, "job4": 0, "job18": 106.27, "job19": 146.435, "job5": 0, "job9": 0, "job26": 135.785, "job31": 117.66, "job14": 127.89}