{"job1": 0, "job45": 85.08, "job2": 0, "job3": 0, "job40": 130.38, "job15": 0, "job13": 128.995, "job37": 118.54, "job50": 87.73, "job39": 114.67, "job49": 62.63, "job44": 112.18, "job32": 124.99, "job25": 125.23, "job6": 0, "job12": 146.73, "job43": 111.9, "job35": 110.6, "job29": 123.01, "job7": 0, "job46": 61.88, "job23": 135.71, "job47": 106.735, "job34": 103.2, "job21": 144.43, "job33": 109.215, "job36": 140.6, "job24": 72.75, "job28": 109.06, "job48": 113.44, "job17": 146.465, "job8": 0, "job30": 119.77000000000001, "job41": 101.4, "job16": 133.95, "job27": 99.85499999999999, "job20": 129.61, "job38": 109.6, "job11": 0, "job42": 99.85, "job10": 0, "job22": 128.25, "job4": 0, "job18": 106.02, "job19": 145.45, "job5": 0, "job9": 0, "job26": 146.55, "job31": 120.83, "job14": 126.715}