{
    "1": 0,
    "10": 0,
    "11": 0,
    "12": 2,
    "13": 0.6887071792284456,
    "14": 0.6792993703229473,
    "15": 0,
    "16": 0.7698195681856561,
    "17": 0.8239653012363258,
    "18": 0.6900979808827818,
    "19": 0.8213909575004498,
    "2": 0,
    "20": 0.5601049943442007,
    "21": 0.781042375189339,
    "22": 0.7692182703813495,
    "23": 0.8105941992383465,
    "24": 0.4566272617329452,
    "25": 0.5469583774877572,
    "26": 0.8199219230283321,
    "27": 0.4324158842154422,
    "28": 0.6558574561387863,
    "29": 0.7637313574045989,
    "3": 0,
    "30": 0.6725456003534043,
    "31": 0.7708252857032964,
    "32": 0.6780346817898344,
    "33": 0.4601182135178161,
    "34": 0.7347439697651413,
    "35": 0.5709031351752568,
    "36": 0.7815217360291932,
    "37": 0.7228848587902238,
    "38": 0.4209886147228967,
    "39": 0.5760098987155284,
    "4": 0,
    "40": 0.7815986973352934,
    "41": 0.6945016808507785,
    "42": 0.4063401221683796,
    "43": 0.6152300549171127,
    "44": 0.4304265448253082,
    "45": 0.38782981731777716,
    "46": 0.28167205966523556,
    "47": 0.43270629961047957,
    "48": 0.714528953792042,
    "49": 0.3892348156282597,
    "5": 0,
    "50": 0.40900212451434587,
    "6": 0,
    "7": 0,
    "8": 0,
    "9": 0
}