{
    "1": 0,
    "10": 0,
    "11": 0.3948919036722458,
    "12": 0.46534820328910903,
    "13": 0.3952682295619734,
    "14": 0,
    "15": 0.3072255622934412,
    "16": 0.4376276632142724,
    "17": 0.4649701991725486,
    "18": 0.26103228354229924,
    "19": 0.4898429691947902,
    "2": 0,
    "20": 0.30694683519733035,
    "21": 0.3954953932203265,
    "22": 0.4398864473652261,
    "23": 0.5567678296538504,
    "24": 0.3370717712028343,
    "25": 0.3070894410955424,
    "26": 0.5322154879299545,
    "27": 0.2147817472018022,
    "28": 0.28246399949396656,
    "29": 0.4450384925359108,
    "3": 0,
    "30": 0.260997388687602,
    "31": 0.4212179734031594,
    "32": 0.3038837948313659,
    "33": 0.32022386938381325,
    "34": 0.354709011801235,
    "35": 0.3067441820911321,
    "36": 0.42655108551547427,
    "37": 0.4175496903864554,
    "38": 0.20627330987163034,
    "39": 0.21863202836207335,
    "4": 0,
    "40": 0.3946223925144704,
    "41": 0.319942650410341,
    "42": 0.2603945595641617,
    "43": 0.25402482163532736,
    "44": 0.21891272796166003,
    "45": 0.15986079523463098,
    "46": 0.22111237059570782,
    "47": 0.2606522310355492,
    "48": 0.3259525541120621,
    "49": 0.24839783337459953,
    "5": 0,
    "50": 0.22704669738847008,
    "6": 0,
    "7": 0,
    "8": 0.3069900469099524,
    "9": 0
}