{
    "1": 0,
    "10": 0,
    "11": 0.3948919036722458,
    "12": 0.01,
    "13": 0.3952682295619734,
    "14": 0,
    "15": 0.01,
    "16": 0.4376276632142724,
    "17": 0.4649701991725486,
    "18": 0.3990874031463261,
    "19": 0.4898429691947902,
    "2": 0,
    "20": 0.38424130262168177,
    "21": 0.3954953932203265,
    "22": 0.42979679310427804,
    "23": 0.5567678296538504,
    "24": 0.3713642027469509,
    "25": 0.39933959399160945,
    "26": 0.5322154879299545,
    "27": 0.2147817472018022,
    "28": 0.2964543171852082,
    "29": 0.4450384925359108,
    "3": 0,
    "30": 0.4109596328484603,
    "31": 0.523515499092171,
    "32": 0.3288333608113644,
    "33": 0.4397520719388973,
    "34": 0.40354374346307886,
    "35": 0.4111570846827816,
    "36": 0.42655108551547427,
    "37": 0.4180815077035758,
    "38": 0.3578339358851317,
    "39": 0.37849974046178136,
    "4": 0,
    "40": 0.3946223925144704,
    "41": 0.38163485344080744,
    "42": 0.2694466473514394,
    "43": 0.34421383507749487,
    "44": 0.3982589516011059,
    "45": 0.15986079523463098,
    "46": 0.3304267288862878,
    "47": 0.01,
    "48": 0.3415134851620041,
    "49": 0.01,
    "5": 0,
    "50": 0.44710193646550794,
    "6": 0,
    "7": 0,
    "8": 0.01,
    "9": 0
}