{
    "1": 1,
    "10": 2,
    "11": 1,
    "12": 2,
    "13": 2,
    "14": 2,
    "15": 2,
    "16": 2,
    "17": 0.8111019431063565,
    "18": 2,
    "19": 0.8184037301905341,
    "2": 1,
    "20": 2,
    "21": 0.7801951892274118,
    "22": 0.7770241546305348,
    "23": 0.8111736957752671,
    "24": 0.4751142394863374,
    "25": 0.5660605569868995,
    "26": 0.8152789852901144,
    "27": 0.48294057248847255,
    "28": 0.6646609395584239,
    "29": 0.7681088724302914,
    "3": 1,
    "30": 0.697392557238643,
    "31": 0.7682303919663825,
    "32": 0.6615304432493277,
    "33": 0.46536887182496744,
    "34": 0.7472235492285404,
    "35": 0.5841510697590413,
    "36": 0.784303188466501,
    "37": 0.7287855542863911,
    "38": 0.438106890058169,
    "39": 0.5787737289929056,
    "4": 1,
    "40": 0.7781714332851662,
    "41": 0.6857152573250689,
    "42": 0.4239178749305864,
    "43": 0.60329848200708,
    "44": 0.4168369062920601,
    "45": 0.4367572342013499,
    "46": 0.4011714724435929,
    "47": 0.46085062038288815,
    "48": 0.7184709156444362,
    "49": 0.3786479291667211,
    "5": 1,
    "50": 0.4640042468240583,
    "6": 1,
    "7": 1,
    "8": 1,
    "9": 1
}