{
    "1": 1,
    "10": 2,
    "11": 2,
    "12": 2,
    "13": 2,
    "14": 2,
    "15": 2,
    "16": 2,
    "17": 0.8136915295925384,
    "18": 2,
    "19": 0.8184147556780205,
    "2": 1,
    "20": 2,
    "21": 0.789604648964344,
    "22": 0.7724388305137604,
    "23": 0.8269830918821097,
    "24": 0.4341070914048375,
    "25": 0.5618365048596559,
    "26": 0.8206702973284542,
    "27": 0.5066203908585565,
    "28": 0.6611035314836788,
    "29": 0.7641585550515602,
    "3": 1,
    "30": 0.7091370754400168,
    "31": 0.7683292552242712,
    "32": 0.6926292297461811,
    "33": 0.42051529875399907,
    "34": 0.7355637149064819,
    "35": 0.5820785393757274,
    "36": 0.7861250461143545,
    "37": 0.7312528950037214,
    "38": 0.49073850171496014,
    "39": 0.58528972715784,
    "4": 1,
    "40": 0.783881420445869,
    "41": 0.6917427778828515,
    "42": 0.3501768228130469,
    "43": 0.5790352753537545,
    "44": 0.43963749654766543,
    "45": 0.45529671928507764,
    "46": 0.3325323468090574,
    "47": 0.44926113003312507,
    "48": 0.7297357982452801,
    "49": 0.3714013147512751,
    "5": 1,
    "50": 0.4359198879199606,
    "6": 1,
    "7": 1,
    "8": 1,
    "9": 1
}