{
    "1": 0,
    "10": 0,
    "100": 0.33849974971870866,
    "11": 0,
    "12": 0,
    "13": -1,
    "14": -1,
    "15": 0.5426046878076805,
    "16": -1,
    "17": 0.8201822967728332,
    "18": 0.6839076752481338,
    "19": 0.8243755341352278,
    "2": 0,
    "20": 0.5532650978007114,
    "21": 0.7861644533807762,
    "22": 0.7588072108702509,
    "23": 0.8145211398431755,
    "24": -1,
    "25": 0.5503327541414796,
    "26": 0.8134376738161705,
    "27": 0.46848028278074894,
    "28": 0.6572839813564334,
    "29": 0.7542010889602319,
    "3": 0,
    "30": 0.6799870021468344,
    "31": 0.7723019711271318,
    "32": 0.6645813334862769,
    "33": 0.42333171018156474,
    "34": 0.737481102922204,
    "35": 0.5291172404464262,
    "36": 0.7658249084626685,
    "37": 0.7283551878400968,
    "38": 0.3899518204952246,
    "39": 0.5785005999980365,
    "4": 0,
    "40": 0.779095623361805,
    "41": 0.7071926772930333,
    "42": 0.35835755447780954,
    "43": 0.5694539253492813,
    "44": 0.4667068823269241,
    "45": 0.3973706375878857,
    "46": 0.3438551819009872,
    "47": 0.34449841267866443,
    "48": 0.7142639606590482,
    "49": 0.3533767314373338,
    "5": 0,
    "50": 0.4039910828197922,
    "51": 0,
    "52": 0,
    "53": 0,
    "54": 0,
    "55": 0,
    "56": -1,
    "57": 0,
    "58": 0,
    "59": 0,
    "6": 0,
    "60": 0,
    "61": 0,
    "62": 0,
    "63": -1,
    "64": -1,
    "65": -1,
    "66": 0.7660328751028916,
    "67": 0.8118808595001551,
    "68": 0.688078963042412,
    "69": 0.8175446205523316,
    "7": 0,
    "70": 0.5729035415772114,
    "71": 0.7791831603979337,
    "72": 0.771921564255981,
    "73": 0.8151400670671336,
    "74": 0.3934172588281949,
    "75": 0.5473034031764482,
    "76": 0.8127174767461166,
    "77": 0.5154764528320269,
    "78": 0.652826056170127,
    "79": 0.7677603399611186,
    "8": 0,
    "80": 0.6814901130590567,
    "81": 0.7756869429828835,
    "82": 0.6902033588569977,
    "83": 0.4030894879340973,
    "84": 0.7384895032864344,
    "85": 0.5439164313052526,
    "86": 0.7752024100969193,
    "87": 0.7256360699240397,
    "88": 0.45970181551241,
    "89": 0.5598741499331469,
    "9": 0,
    "90": 0.7878474677888484,
    "91": 0.6685944580234506,
    "92": 0.357270691826271,
    "93": 0.5496593442092577,
    "94": 0,
    "95": 0.4740680788142462,
    "96": 0.3860134071972894,
    "97": 0.41284608522148164,
    "98": 0.7240597061408409,
    "99": 0.3874472907977585
}