{
    "1": 0,
    "10": 0,
    "100": 0.31421206824487624,
    "11": 0.7566211531227302,
    "12": 0.7970128209558854,
    "13": 0.7811280940052266,
    "14": 0,
    "15": 0.5760387801651654,
    "16": 0.7382613151341872,
    "17": 0.8102934160871648,
    "18": 0.6704446448800655,
    "19": 0.8046045112395711,
    "2": 0,
    "20": 0.5456701398723263,
    "21": 0.7817651769136958,
    "22": 0.7662548922615734,
    "23": 0.7662866490307928,
    "24": 0.40833224403896645,
    "25": 0.5474966186295764,
    "26": 0.8121347704888027,
    "27": 0.4887912266640495,
    "28": 0.6659713971811374,
    "29": 0.7504663804025563,
    "3": 0,
    "30": 0.6933692934688853,
    "31": 0.7376631875526737,
    "32": 0.7154257729147419,
    "33": 0.42110198091347645,
    "34": 0.7358138061948624,
    "35": 0.556671260277194,
    "36": 0.75209680827122,
    "37": 0.7395744845217265,
    "38": 0.4170662480068133,
    "39": 0.5754264212813098,
    "4": 0,
    "40": 0.7563703057872943,
    "41": 0.7373495128675494,
    "42": 0.37984972399931133,
    "43": 0.595600445152108,
    "44": 0.45854563862373987,
    "45": 0.4549118793495356,
    "46": 0.35755111303058984,
    "47": 0.4119981130648674,
    "48": 0.6926173021335489,
    "49": 0.34137085355457475,
    "5": 0,
    "50": 0.36132296042046064,
    "51": 0.794440808586767,
    "52": 0,
    "53": 0,
    "54": 0,
    "55": 0,
    "56": 0,
    "57": 0,
    "58": 0.01,
    "59": 0,
    "6": 0,
    "60": 0,
    "61": 0,
    "62": 0.8096870392128918,
    "63": 0.7822048075587931,
    "64": 0,
    "65": 0.01,
    "66": 0.7377241847060715,
    "67": 0.8054643517223483,
    "68": 0.6696387626427254,
    "69": 0.8045321002501222,
    "7": 0,
    "70": 0.01,
    "71": 0.7547776402846741,
    "72": 0.7607803099178598,
    "73": 0.7662751663644828,
    "74": 0.42340799073637997,
    "75": 0.5528479736370814,
    "76": 0.7662934433559573,
    "77": 0.47309855208841023,
    "78": 0.6624114842015595,
    "79": 0.7710218247556345,
    "8": 0,
    "80": 0.6388528284032272,
    "81": 0.7643809035344779,
    "82": 0.7155759680742309,
    "83": 0.44441833314676116,
    "84": 0.738588429077497,
    "85": 0.5481923115333535,
    "86": 0.751846991115394,
    "87": 0.7356032806827001,
    "88": 0.528686368944618,
    "89": 0.5935988850231714,
    "9": 0,
    "90": 0.7832038833760067,
    "91": 0.7147062974103259,
    "92": 0.3327523434921998,
    "93": 0.5656524858858193,
    "94": 0.4543970633108159,
    "95": 0.7105314966703621,
    "96": 0.3835810482256899,
    "97": 0.4280278078109047,
    "98": 0.6921173667811258,
    "99": 0.3731919899438516
}