{
    "1": 0,
    "10": 0,
    "100": 0.38281347952078787,
    "11": 0,
    "12": 0.8114594268548483,
    "13": 0.7815777108986914,
    "14": 0.6694385261009014,
    "15": 0.5121048567629551,
    "16": 0.7524910939628587,
    "17": 0.8121753729225044,
    "18": 0.6694446253769355,
    "19": 0.8155428409808426,
    "2": 0,
    "20": 0.5117153312294956,
    "21": 0.7873325976512333,
    "22": 0.7547848515970614,
    "23": 0.7922064165574595,
    "24": 0.40359297243166325,
    "25": 0.5118091966091296,
    "26": 0.7921303848223272,
    "27": 0.40887668495883767,
    "28": 0.7233255399043729,
    "29": 0.7549809411698998,
    "3": 0,
    "30": 0.6694387881991265,
    "31": 0.7545309918197454,
    "32": 0.7230284081038372,
    "33": 0.4038373759553695,
    "34": 0.7182959346801677,
    "35": 0.5115875938535087,
    "36": 0.7554911709382921,
    "37": 0.718478353603106,
    "38": 0.4187651226612089,
    "39": 0.48193559705426137,
    "4": 0,
    "40": 0.7874881005664502,
    "41": 0.723226191960797,
    "42": 0.531064250160924,
    "43": 0.6827844369656358,
    "44": 0.40279105090135814,
    "45": 0.31862813287680297,
    "46": 0.2832412766236065,
    "47": 0.4132152996695151,
    "48": 0.7125691242415333,
    "49": 0.3327032737406265,
    "5": 0,
    "50": 0,
    "51": 0.8084324345284831,
    "52": 0,
    "53": 0,
    "54": 0,
    "55": 0,
    "56": 0.8081430423420924,
    "57": 0,
    "58": 0.5115606650131619,
    "59": 0,
    "6": 0.8083165734517267,
    "60": 0,
    "61": 0.7796969637692309,
    "62": 0.8119528003625259,
    "63": 0.7778356095935046,
    "64": 0.6694391784906475,
    "65": 0,
    "66": 0.7513980830348491,
    "67": 0.8082700519676164,
    "68": 0,
    "69": 0.8093767110065743,
    "7": 0,
    "70": 0.5120185254928198,
    "71": 0.7795745704495594,
    "72": 0.7535819781484077,
    "73": 0.8089979066752494,
    "74": 0.4030538579249209,
    "75": 0.5117601018838533,
    "76": 0.7967791058625857,
    "77": 0.4088771330474046,
    "78": 0.7293672671136896,
    "79": 0.7542321615910181,
    "8": 0,
    "80": 0.7493261574573382,
    "81": 0.7524962007291143,
    "82": 0.7226837691605792,
    "83": 0.40321433841506665,
    "84": 0.718379202266886,
    "85": 0.5121656920597766,
    "86": 0.7554839722396891,
    "87": 0.7184482391056948,
    "88": 0.5429641957238424,
    "89": 0.45168585048229204,
    "9": 0,
    "90": 0.7816060412408804,
    "91": 0,
    "92": 0.3468372439376876,
    "93": 0.6950525909134757,
    "94": 0.3972176561985097,
    "95": 0.3317711530720262,
    "96": 0.33986368082400753,
    "97": 0.3937554158488863,
    "98": 0.7102208077888308,
    "99": 0.33261813811931673
}