{
    "1": 0,
    "10": 0,
    "100": 0.4005633997654229,
    "11": 0,
    "12": 0.8114594268548483,
    "13": 0.7815777108986914,
    "14": 0.01,
    "15": 0.5351102383229246,
    "16": 0.7524910939628587,
    "17": 0.8121753729225044,
    "18": 0.67504071758795,
    "19": 0.8155428409808426,
    "2": 0,
    "20": 0.5431000509861915,
    "21": 0.7816097122351147,
    "22": 0.01,
    "23": 0.8181273462605912,
    "24": 0.4403173526121612,
    "25": 0.5581728695252011,
    "26": 0.8115551432366984,
    "27": 0.4539544666796743,
    "28": 0.01,
    "29": 0.7627315174004382,
    "3": 0,
    "30": 0.6772828720904348,
    "31": 0.7545309918197454,
    "32": 0.6602759899361004,
    "33": 0.4345833775491331,
    "34": 0.7182959346801677,
    "35": 0.5425154877422603,
    "36": 0.7554911709382921,
    "37": 0.01,
    "38": 0.38478641694178584,
    "39": 0.01,
    "4": 0,
    "40": 0.7874881005664502,
    "41": 0.6920628715183806,
    "42": 0.01,
    "43": 0.5794302755564302,
    "44": 0.3849347527276775,
    "45": 0.01,
    "46": 0.42137285624272436,
    "47": 0.407079700490889,
    "48": 0.700494032602347,
    "49": 0.43054052431193884,
    "5": 0,
    "50": 0,
    "51": 0.8084324345284831,
    "52": 0,
    "53": 0,
    "54": 0,
    "55": 0,
    "56": 0.8081430423420924,
    "57": 0,
    "58": 0.01,
    "59": 0,
    "6": 0.8083165734517267,
    "60": 0,
    "61": 0.7796969637692309,
    "62": 0.8119528003625259,
    "63": 0.7778356095935046,
    "64": 0.01,
    "65": 0,
    "66": 0.7513980830348491,
    "67": 0.8212918488061044,
    "68": 0,
    "69": 0.8093767110065743,
    "7": 0,
    "70": 0.5517130694492545,
    "71": 0.7795745704495594,
    "72": 0.01,
    "73": 0.8089979066752494,
    "74": 0.01,
    "75": 0.5448523716307742,
    "76": 0.7967791058625857,
    "77": 0.01,
    "78": 0.6716266183608854,
    "79": 0.01,
    "8": 0,
    "80": 0.7493261574573382,
    "81": 0.7720637916429242,
    "82": 0.7226837691605792,
    "83": 0.42919818284424666,
    "84": 0.7580476010733352,
    "85": 0.5580132296944418,
    "86": 0.7554839722396891,
    "87": 0.726982021086181,
    "88": 0.51623189096847,
    "89": 0.5848287073242271,
    "9": 0,
    "90": 0.7846996187396759,
    "91": 0,
    "92": 0.3204048630228368,
    "93": 0.5987750581369126,
    "94": 0.4153761846791652,
    "95": 0.5173503907964327,
    "96": 0.41328250564565494,
    "97": 0.4308004223718281,
    "98": 0.01,
    "99": 0.43716157805285866
}