{
    "1": 0.8083694452055393,
    "10": 0,
    "11": 0.7540489490292641,
    "12": 0.8083764651570714,
    "13": 0.7816626414275198,
    "14": 0.6480521194805192,
    "15": 0.5119094287909082,
    "16": 0.7524908218036395,
    "17": 0.8123776533338887,
    "18": 0.6666560294861492,
    "19": 0.8034472134951554,
    "2": 0,
    "20": 0.5119450462691395,
    "21": 0.7873713512468705,
    "22": 0.7620143871484379,
    "23": 0.808962156642476,
    "24": 0.5074515538951436,
    "25": 0.5120136529584997,
    "26": 0.7952287830215274,
    "27": 0.6605600242867632,
    "28": 0.7088202034191986,
    "29": 0.7542215109158131,
    "3": 0,
    "30": 0.6694463426145805,
    "31": 0.7516207207802694,
    "32": 0.7175914950684343,
    "33": 0.4032597475059586,
    "34": 0.7229935586248576,
    "35": 0.5120154249399392,
    "36": 0.7555052319928365,
    "37": 0.7524136227054791,
    "38": 0.5429690190137854,
    "39": 0.5932804075279298,
    "4": 0,
    "40": 0.7873257595711002,
    "41": 0.7087198618914035,
    "42": 0.3239429287436489,
    "43": 0.7153156151796365,
    "44": 0.38567393529429367,
    "45": 0.3312308325171224,
    "46": 0.2646227241482122,
    "47": 0.3897626659817627,
    "48": 0.7086157220929824,
    "49": 0.2932008607374923,
    "5": 0,
    "50": 0.5873943849396848,
    "6": 0.8063709023783239,
    "7": 0.8085142598835753,
    "8": 0.5025136345219978,
    "9": 0
}