{
    "1": 0.8083694452055393,
    "10": 0,
    "11": 1,
    "12": 0.8083764651570714,
    "13": 0.7816626414275198,
    "14": 0.6480521194805192,
    "15": 0.01,
    "16": 0.7524908218036395,
    "17": 0.8123776533338887,
    "18": 0.6666560294861492,
    "19": 0.8153028996658715,
    "2": 0,
    "20": 0.5678167344716779,
    "21": 0.7873713512468705,
    "22": 0.7670636810500618,
    "23": 0.808962156642476,
    "24": 0.4583941703544759,
    "25": 0.5573414687101443,
    "26": 0.7952287830215274,
    "27": 0.5260328788033035,
    "28": 0.7088202034191986,
    "29": 0.7542215109158131,
    "3": 0,
    "30": 0.6694463426145805,
    "31": 0.7671404114695641,
    "32": 0.6691230041903395,
    "33": 0.4076636435763285,
    "34": 0.7433677883735772,
    "35": 0.5682614975824515,
    "36": 0.7555052319928365,
    "37": 0.7524136227054791,
    "38": 0.37530692543936434,
    "39": 0.6418945906053632,
    "4": 0,
    "40": 0.7873257595711002,
    "41": 0.7365701064989183,
    "42": 0.36408804671298567,
    "43": 0.6151613479120156,
    "44": 0.38567393529429367,
    "45": 0.3585358339589881,
    "46": 0.3382602620350564,
    "47": 0.4236184721717514,
    "48": 0.7082701474377819,
    "49": 0.30752735019680866,
    "5": 0,
    "50": 0.38194591159004404,
    "6": 1,
    "7": 0.8085142598835753,
    "8": 0.5025136345219978,
    "9": 0
}