{
    "1": 0,
    "10": 0,
    "100": 0.330351790986793,
    "11": 0.7561182569632533,
    "12": 0.8095822005245179,
    "13": 0.7845537892989318,
    "14": 0,
    "15": 0.8020132893575304,
    "16": 0.7717761129049662,
    "17": 0.8076226474585154,
    "18": 0.6737000785429338,
    "19": 0.788691054242815,
    "2": 0,
    "20": 0.7859984437305156,
    "21": 0.781108521468901,
    "22": 0.7695994619072597,
    "23": 0.8137543686405271,
    "24": 0.40920444241989334,
    "25": 0.5784368908129118,
    "26": 0.8054156347907402,
    "27": 0.44765510729494007,
    "28": 0.6492773735492453,
    "29": 0.7504603222054275,
    "3": 0,
    "30": 0.6767409604053877,
    "31": 0.7382521184250787,
    "32": 0.7282679135700982,
    "33": 0.39503290970148736,
    "34": 0.7373024215667049,
    "35": 0.7860048817271488,
    "36": 0.7504864691819888,
    "37": 0.7385765765521123,
    "38": 0.4719643499968645,
    "39": 0.5674658272006549,
    "4": 0,
    "40": 0.7547779524362913,
    "41": 0.7155230729134394,
    "42": 0.36811706436960434,
    "43": 0.5423505607397041,
    "44": 0.43446058698690526,
    "45": 0.46686316619837104,
    "46": 0.3097494110979721,
    "47": 0.3751343482810725,
    "48": 0.6896033235386281,
    "49": 0.34944875489380983,
    "5": 0,
    "50": 0.33023256168490256,
    "51": 0.8039439832050748,
    "52": 0,
    "53": 0,
    "54": 0,
    "55": 0,
    "56": 0,
    "57": 0,
    "58": 0,
    "59": 0,
    "6": 0,
    "60": 0,
    "61": 0,
    "62": 0.8059586117745914,
    "63": 0.7843643794848556,
    "64": 0,
    "65": 0.01,
    "66": 0.01,
    "67": 0.8035506264732049,
    "68": 0.6570995594749127,
    "69": 0.7887129070955919,
    "7": 0,
    "70": 0.7859941014161936,
    "71": 0.7549085405135113,
    "72": 0.01,
    "73": 0.7662966387580314,
    "74": 0.3819171977609904,
    "75": 0.5618923975439013,
    "76": 0.7662994110451915,
    "77": 0.4473655280683414,
    "78": 0.6716433898482482,
    "79": 0.7723987865452209,
    "8": 0,
    "80": 0.6855583856779089,
    "81": 0.7613269445219489,
    "82": 0.6422529411068675,
    "83": 0.41009181030462916,
    "84": 0.7283666298768275,
    "85": 0.7859998776741588,
    "86": 0.750464868957089,
    "87": 0.7208048660142875,
    "88": 0.42853155828439154,
    "89": 0.562281273596168,
    "9": 0,
    "90": 0.7773735283186951,
    "91": 0.7038893887586447,
    "92": 0.40240319163240207,
    "93": 0.5638247810096011,
    "94": 0.4648657789338714,
    "95": 0.4773794633361418,
    "96": 0.2942330957844741,
    "97": 0.3982184699689991,
    "98": 0.7023748962273815,
    "99": 0.40363944614134467
}