{
    "1": 0,
    "10": 0,
    "11": 0,
    "12": 0,
    "13": 2,
    "14": 2,
    "15": 0,
    "16": 0.7625981549616978,
    "17": 0.8190308949819028,
    "18": 0.6803806835314923,
    "19": 0.8245821890359848,
    "2": 0,
    "20": 2,
    "21": 0.7896362071772682,
    "22": 0.7659417357420714,
    "23": 0.8141722401079222,
    "24": 0.44246204371530373,
    "25": 0.5449278463499716,
    "26": 0.8094350908555648,
    "27": 0.47108441806784307,
    "28": 0.6902614200628401,
    "29": 0.7749502527621965,
    "3": 0,
    "30": 0.7023367978819077,
    "31": 0.76595070071552,
    "32": 0.6588514763694721,
    "33": 0.4513280884440005,
    "34": 0.7306676950503181,
    "35": 0.5528461466063883,
    "36": 0.7801442073077061,
    "37": 0.7232237642158312,
    "38": 2,
    "39": 0.5817173023784591,
    "4": 0,
    "40": 0.7750791971360123,
    "41": 0.6937555483251674,
    "42": 0.37085695960837833,
    "43": 0.5803768837192247,
    "44": 0.41759865979162875,
    "45": 0.39292535195466155,
    "46": 0.33069006472734525,
    "47": 0.46225854893790863,
    "48": 0.7062946366291446,
    "49": 0.3392481667624466,
    "5": 0,
    "50": 0.35553435202575934,
    "6": 0,
    "7": 0,
    "8": 0,
    "9": 0
}