{
    "1": 0,
    "10": 0,
    "11": 1,
    "12": 1,
    "13": 1,
    "14": 0,
    "15": 1,
    "16": 0.7670498068421567,
    "17": 1,
    "18": 1,
    "19": 0.611747247442888,
    "2": 0,
    "20": 0.778197047609497,
    "21": 0.7458601304262937,
    "22": 1,
    "23": 0.6695545588772165,
    "24": 0,
    "25": 0.845841824185303,
    "26": 0.6409961051499252,
    "27": 1,
    "28": 0.7858352676210839,
    "29": 0.7699619270083212,
    "3": 0,
    "30": 0.8052933823690788,
    "31": 0.5915541324612387,
    "32": 1,
    "33": 0.7268869069410205,
    "34": 1,
    "35": 0.801075619996867,
    "36": 0.7627286448610829,
    "37": 0.6829586173616065,
    "38": 0.799345054572212,
    "39": 0.8024908202165305,
    "4": 0,
    "40": 0.7380072598625981,
    "41": 0.810754993463553,
    "42": 0.6792190231753095,
    "43": 0.8081961097018986,
    "44": 0.8238375116821961,
    "45": 0.820492125141444,
    "46": 0.4716743270973103,
    "47": 0.8053491906696426,
    "48": 1,
    "49": 0.8265585772351747,
    "5": 0,
    "50": 0.8273895793439873,
    "6": 0,
    "7": 0,
    "8": 0,
    "9": 0
}