{
    "1": 0,
    "10": 0,
    "100": 0.37370583244473005,
    "11": 0,
    "12": 0.8202143894063263,
    "13": -1,
    "14": 0,
    "15": -1,
    "16": 0,
    "17": 0,
    "18": 0,
    "19": 0.826186345221683,
    "2": 0,
    "20": -1,
    "21": 0.781364923014536,
    "22": 0.7710221392514955,
    "23": 0,
    "24": 0,
    "25": 0.556858834555979,
    "26": 0,
    "27": 0.49206105076627576,
    "28": 0,
    "29": 0,
    "3": 0,
    "30": 0.6739340064982619,
    "31": 0.7687863007512945,
    "32": 0,
    "33": 0,
    "34": 0.7341693512232702,
    "35": 0.5799109766888383,
    "36": 0.7846295458565673,
    "37": 0,
    "38": 0,
    "39": 0.5567751513757384,
    "4": 0,
    "40": 0.783397456357591,
    "41": 0.7002679371822083,
    "42": 0.39393265622897594,
    "43": 0.60188968083054,
    "44": 0,
    "45": 0.4899249317030763,
    "46": 0.3141417628625024,
    "47": 0.435273668481589,
    "48": 0.7264470170002848,
    "49": 0.3355742091742159,
    "5": 0,
    "50": 0.4287105861011021,
    "51": 0,
    "52": 0,
    "53": 0,
    "54": 0,
    "55": 0,
    "56": 1,
    "57": 0,
    "58": 0,
    "59": 0,
    "6": 0,
    "60": 0,
    "61": 0,
    "62": -1,
    "63": -1,
    "64": 0,
    "65": 0,
    "66": 0.7779045961709118,
    "67": 0,
    "68": 0,
    "69": 0,
    "7": 0,
    "70": 0,
    "71": 0.7845207245292197,
    "72": 0.7687028032237255,
    "73": 0,
    "74": 0.4121997516768076,
    "75": 0.5724180514971625,
    "76": 0.8131341112637154,
    "77": 0.4746857665580289,
    "78": 0.6687354194235701,
    "79": 0,
    "8": 0,
    "80": 0.6716177771445822,
    "81": 0.7642085670799246,
    "82": 0,
    "83": 0.4371490158714968,
    "84": 0.7279474325532388,
    "85": 0.5517209647386757,
    "86": 0.774374614289623,
    "87": 0.7203935241891889,
    "88": 0.4347930021546131,
    "89": 0.5809185918313,
    "9": 0,
    "90": 0.7772713888645225,
    "91": 0,
    "92": 0.3708948982457591,
    "93": 0,
    "94": 0,
    "95": 1,
    "96": 0.2886999272978579,
    "97": 0.4097700344664982,
    "98": 0.6873772478448935,
    "99": 0.37673640778214945
}