{
    "1": 0,
    "10": 0.01,
    "100": 0.3746483373553075,
    "11": 0,
    "12": 1,
    "13": 1,
    "14": -1,
    "15": -1,
    "16": 1,
    "17": 0.810458569925511,
    "18": 1,
    "19": 0.8141323909216434,
    "2": 0,
    "20": 0.5810014164999379,
    "21": 0.7812757346569582,
    "22": 0.7662933251802615,
    "23": 0.8190605446880996,
    "24": 0.3954039526771364,
    "25": 0.5425968698970887,
    "26": 0.8176447697969201,
    "27": 0.4875400810895563,
    "28": 0.6452456871576525,
    "29": 0.7597806232890857,
    "3": 0,
    "30": 0.6806410125763245,
    "31": 0.7625456685604082,
    "32": 0.6886766355563219,
    "33": 0.4059815077294224,
    "34": 0.7403025176233897,
    "35": 0.5779053767066122,
    "36": 0.7695637310744775,
    "37": 0.7392256595811112,
    "38": 0.45912216330630234,
    "39": 0.5792669192494827,
    "4": 0,
    "40": 0.7790730248963172,
    "41": 0.6783032162440609,
    "42": 0.4575712617315735,
    "43": 0.5531064183487199,
    "44": 0.3921879060098833,
    "45": 0.3932413971415526,
    "46": 0.20430388644315756,
    "47": 0.3875123756322354,
    "48": 0.6950824669029303,
    "49": 0.39870991721033844,
    "5": 0,
    "50": 0.33886604001228715,
    "51": 0.01,
    "52": 0,
    "53": 0,
    "54": 0,
    "55": 0,
    "56": 0,
    "57": 0,
    "58": 0,
    "59": 0,
    "6": 0,
    "60": 0,
    "61": 1,
    "62": 0.8199576476144462,
    "63": 1,
    "64": 1,
    "65": 1,
    "66": 0.7634013050102411,
    "67": 1,
    "68": 0.6903775457590227,
    "69": 0.8268285130861965,
    "7": 0,
    "70": 1,
    "71": 0.78428033011536,
    "72": 0.7665907117145482,
    "73": 0.8089357389794106,
    "74": 1,
    "75": 0.5379432283956832,
    "76": 1,
    "77": 0.4776068171007399,
    "78": 0.6904513241885176,
    "79": 0.7667547583980208,
    "8": 0,
    "80": 0.6989999069831873,
    "81": 0.7708482698662179,
    "82": 0.6829419868759099,
    "83": 0.40607687185202634,
    "84": 0.7580908452977139,
    "85": 0.5450133175903664,
    "86": 0.7726660620416995,
    "87": 0.731516582424724,
    "88": 0.4642535415027214,
    "89": 0.597744626833329,
    "9": 0,
    "90": 0.788073581929866,
    "91": 0.6987974355196663,
    "92": 0.43529045362340774,
    "93": 0.5347251449588645,
    "94": 0.4274927934128857,
    "95": 0.43434337865816897,
    "96": 0.3169474107771299,
    "97": 0.3729953066886716,
    "98": 0.7167985304242077,
    "99": 0.288508611986322
}