{
    "1": 0,
    "10": 0,
    "100": 0.33728777201638155,
    "11": 0,
    "12": 0.8083197713500522,
    "13": 0.7772876852358885,
    "14": 0.6694464412396195,
    "15": 0.5117014473082518,
    "16": 0.7524955953612503,
    "17": 0.8082980439313622,
    "18": 0.7492862155769958,
    "19": 0.8094866587606271,
    "2": 0,
    "20": 0.5118908511086793,
    "21": 0.7864566634731606,
    "22": 0.7535843048472093,
    "23": 0.7943212756974936,
    "24": 0.40368234993433333,
    "25": 0.5119653733860807,
    "26": 0.7913042951864909,
    "27": 0.40889799249163217,
    "28": 0.743154737567968,
    "29": 0.7547598179975917,
    "3": 0,
    "30": 0.6694401913861706,
    "31": 0.7514787687240937,
    "32": 0.7356305514429456,
    "33": 0.4979076158197687,
    "34": 0.7234381752328636,
    "35": 0.5119435238211136,
    "36": 0.7554851066641602,
    "37": 0.740261229051018,
    "38": 0.5398020447611731,
    "39": 0.3632430156620156,
    "4": 0,
    "40": 0.7874387138131839,
    "41": 0.7244342506683339,
    "42": 0.34723483617278317,
    "43": 0.5986529269832737,
    "44": 0.4129928190449094,
    "45": 0.3432148022689555,
    "46": 0.24544133629050666,
    "47": 0.41304739483810143,
    "48": 0.7102576043720202,
    "49": 0.3027180569682949,
    "5": 0,
    "50": 0.3572341909983971,
    "51": 0.8121491855823014,
    "52": 0,
    "53": 0,
    "54": 0,
    "55": 0,
    "56": 0,
    "57": 0,
    "58": 0,
    "59": 0,
    "6": 0,
    "60": 0,
    "61": 0,
    "62": 0.807998943406827,
    "63": 0.7772088623839514,
    "64": 0.6694334482042699,
    "65": 0.5118992022871325,
    "66": 0.7514525273978389,
    "67": 0.8082364137182068,
    "68": 0.6694419867654458,
    "69": 0.8094991009419215,
    "7": 0,
    "70": 0.5120218093751663,
    "71": 0.7871397139822913,
    "72": 0.7535822578295295,
    "73": 0.7947786611571647,
    "74": 0.6307098380683663,
    "75": 0.5115389952074405,
    "76": 0.7953416658556253,
    "77": 0.4088321898642938,
    "78": 0.6684105144378547,
    "79": 0.7543059106426472,
    "8": 0,
    "80": 0.6694410937190461,
    "81": 0.7524607597663977,
    "82": 0.7164851186089937,
    "83": 0.4033106685852973,
    "84": 0.7183602746710664,
    "85": 0.5116252193842067,
    "86": 0.7554779624141206,
    "87": 0.7523243048463206,
    "88": 0.5429798427907375,
    "89": 0.3809571162892367,
    "9": 0,
    "90": 0.7872490393922084,
    "91": 0.7340011898100223,
    "92": 0.5318955755406871,
    "93": 0.5886725678478797,
    "94": 0.5321491351848596,
    "95": 0.318722846901704,
    "96": 0.271490580922383,
    "97": 0.4126893381171027,
    "98": 0.7134909228383529,
    "99": 0.412655834445208
}