{
    "1": 0,
    "10": 0,
    "100": 0.3699305666145049,
    "11": 0,
    "12": 0.8083197713500522,
    "13": 0.7772876852358885,
    "14": 0.01,
    "15": 0.01,
    "16": 0.01,
    "17": 0.8082980439313622,
    "18": 0.7492862155769958,
    "19": 0.8094866587606271,
    "2": 0,
    "20": 0.5322189068573661,
    "21": 0.7841817914157898,
    "22": 0.7647514719137548,
    "23": 0.809257582759672,
    "24": 0.4206293357252644,
    "25": 0.5780040582033589,
    "26": 0.8066115012614391,
    "27": 0.47976048039276303,
    "28": 0.6641146716245739,
    "29": 0.7547598179975917,
    "3": 0,
    "30": 0.6800355519714536,
    "31": 0.7514787687240937,
    "32": 0.7356305514429456,
    "33": 0.43124294072857833,
    "34": 0.7278241903134662,
    "35": 0.5507957204652544,
    "36": 0.7554851066641602,
    "37": 0.7316849490403063,
    "38": 0.4470356765782107,
    "39": 0.5769328741680471,
    "4": 0,
    "40": 0.7874387138131839,
    "41": 0.7203283874593689,
    "42": 0.3303057102375445,
    "43": 0.5908818982453382,
    "44": 0.38092731732700164,
    "45": 0.4132262752092634,
    "46": 0.23587156128498885,
    "47": 0.39258894792311294,
    "48": 0.7266429856182025,
    "49": 0.2797956154787783,
    "5": 0,
    "50": 0.37545032076858864,
    "51": 0.8121491855823014,
    "52": 0,
    "53": 0,
    "54": 0,
    "55": 0,
    "56": 0,
    "57": 0,
    "58": 0,
    "59": 0,
    "6": 0,
    "60": 0,
    "61": 0,
    "62": 0.807998943406827,
    "63": 0.7772088623839514,
    "64": 0.01,
    "65": 0.01,
    "66": 0.7514525273978389,
    "67": 0.8082364137182068,
    "68": 0.6864926926698858,
    "69": 0.8094991009419215,
    "7": 0,
    "70": 0.5647881734475049,
    "71": 0.7871397139822913,
    "72": 0.7712352259753337,
    "73": 0.7947786611571647,
    "74": 0.4366339773077646,
    "75": 0.5491089843876519,
    "76": 0.7953416658556253,
    "77": 0.5053954043129236,
    "78": 0.6451413606749732,
    "79": 0.7703554681813414,
    "8": 0,
    "80": 0.6672092453655641,
    "81": 0.7605650684764103,
    "82": 0.7164851186089937,
    "83": 0.4291688429120565,
    "84": 0.7527151935311313,
    "85": 0.5532529775982479,
    "86": 0.7554779624141206,
    "87": 0.7523243048463206,
    "88": 0.521086780039346,
    "89": 0.605811015181262,
    "9": 0,
    "90": 0.7867985268867362,
    "91": 0.7193575449008612,
    "92": 0.3491907189734561,
    "93": 0.5702455854116736,
    "94": 0.5321491351848596,
    "95": 0.48402549446269727,
    "96": 0.345404687778761,
    "97": 0.39901249922107507,
    "98": 0.695697574509192,
    "99": 0.3900310658461123
}