{"job1": 0, "job45": 93.52, "job2": 0, "job3": 0, "job40": 132.85, "job15": 0, "job13": 133.3, "job37": 115.85, "job50": 109.77, "job39": 103.87, "job49": 76.12, "job44": 95.065, "job32": 129.11, "job25": 130.76, "job6": 0, "job12": 146.21, "job43": 118.86500000000001, "job35": 114.93, "job29": 125.85, "job7": 0, "job46": 63.3, "job23": 146.55, "job47": 109.42500000000001, "job34": 129.72, "job21": 146.97, "job33": 119.77, "job36": 144.75, "job24": 76.12, "job28": 128.615, "job48": 98.695, "job17": 146.42, "job8": 0, "job30": 109.14500000000001, "job41": 102.66, "job16": 143.21, "job27": 115.27, "job20": 110.22, "job38": 111.33, "job11": 0, "job42": 103.98, "job10": 0, "job22": 139.1, "job4": 0, "job18": 108.62, "job19": 145.685, "job5": 0, "job9": 0, "job26": 136.85000000000002, "job31": 136.46, "job14": 106.965}