{
    "1": 0,
    "10": 0,
    "11": 0.7551723977662771,
    "12": 0.8071326192793784,
    "13": 0.7690541676808926,
    "14": 0.01,
    "15": 0.5626106333810108,
    "16": 0.738351548437413,
    "17": 0.8014066639532115,
    "18": 0.6826445474785728,
    "19": 0.7932516373807647,
    "2": 0,
    "20": 0.5490378379523421,
    "21": 0.7551099187331906,
    "22": 0.7602280661115197,
    "23": 0.7556936915841699,
    "24": 0.4636639420072377,
    "25": 0.7982461994138572,
    "26": 0.7565742536868654,
    "27": 0.4913954875165514,
    "28": 0.7059371969295498,
    "29": 0.763042099125152,
    "3": 0,
    "30": 0.6568937683294758,
    "31": 0.7412228789640174,
    "32": 0.7398509106115939,
    "33": 0.4430241183307765,
    "34": 0.7507893048966114,
    "35": 0.5469538178891884,
    "36": 0.7509455248676339,
    "37": 0.7530624518458631,
    "38": 0.49354541099035293,
    "39": 0.5617324493632954,
    "4": 0,
    "40": 0.7768096517261026,
    "41": 0.6734840538286528,
    "42": 0.37347888226126463,
    "43": 0.6019812808351346,
    "44": 0.43990835695822006,
    "45": 0.38887728619539225,
    "46": 0.3519603837076329,
    "47": 0.3858372390062528,
    "48": 0.693125267932651,
    "49": 0.3958603775868382,
    "5": 0,
    "50": 0.3916692462335222,
    "6": 0.01,
    "7": 0,
    "8": 0.7987269327931547,
    "9": 0
}