{
    "1": 2,
    "10": 2,
    "11": 2,
    "12": 0.8210846129595621,
    "13": 2,
    "14": 0,
    "15": 0.5808385692934541,
    "16": 2,
    "17": 0.816658736894444,
    "18": 0.6833514643092098,
    "19": 0.8279155286492077,
    "2": 0,
    "20": 0.563761943075347,
    "21": 0.7815623685309122,
    "22": 0.7655231059858233,
    "23": 0.8118087414730858,
    "24": 0.40764229346404657,
    "25": 0.5508059299269484,
    "26": 0.8165479791688416,
    "27": 0.485088538110654,
    "28": 0.6888838957985042,
    "29": 0.7659457282251063,
    "3": 0,
    "30": 0.6821155373681423,
    "31": 0.769979024432743,
    "32": 0.6669280794471376,
    "33": 0.41889958636210023,
    "34": 0.7488278207696908,
    "35": 0.5794183955111472,
    "36": 0.7813500770933643,
    "37": 0.720195372852655,
    "38": 0.46210959767609716,
    "39": 0.5910196022008843,
    "4": 0,
    "40": 0.7771617143465835,
    "41": 0.7233061015871823,
    "42": 0.34802201639491853,
    "43": 0.5545994760393701,
    "44": 0.2876349624166215,
    "45": 0.4386622194933699,
    "46": 0.3247791077045839,
    "47": 0.3982356595957058,
    "48": 0.6866617768106072,
    "49": 0.3674014838675394,
    "5": 0,
    "50": 0.4060367719517523,
    "6": 2,
    "7": 0,
    "8": 2,
    "9": 0
}