{
    "1": 0,
    "10": 0,
    "100": 1,
    "11": 1,
    "12": -1.543871836904355,
    "13": 1,
    "14": 1,
    "15": 1,
    "16": 0.01,
    "17": 0.0,
    "18": 0.0,
    "19": 0.0,
    "2": 0,
    "20": 1,
    "21": 0.0,
    "22": 0.0,
    "23": 0.0,
    "24": 0.0,
    "25": 0.22610837120764501,
    "26": 1,
    "27": 0.0,
    "28": 1,
    "29": 0.5368478176339422,
    "3": 0,
    "30": 0.0,
    "31": 1,
    "32": 1,
    "33": 1,
    "34": 0.0,
    "35": 0.2299260884991237,
    "36": 1,
    "37": 0.5337289594803274,
    "38": 0.0,
    "39": 0.0,
    "4": 0,
    "40": 1,
    "41": 0.0,
    "42": 0.036175809392842075,
    "43": 1,
    "44": 1,
    "45": 0.0,
    "46": 0.013835833345654735,
    "47": 0.0,
    "48": 1,
    "49": 0.0,
    "5": 0,
    "50": 1,
    "51": 0.01,
    "52": 0,
    "53": 0,
    "54": 0,
    "55": 0,
    "56": 0,
    "57": 0,
    "58": 0,
    "59": 0,
    "6": 0,
    "60": 1,
    "61": 1,
    "62": 1,
    "63": 1,
    "64": 1,
    "65": 1,
    "66": 0.01,
    "67": 1,
    "68": 0.0,
    "69": 1,
    "7": 0,
    "70": 0.01,
    "71": 1,
    "72": 1,
    "73": 0.5590165095304973,
    "74": 1,
    "75": 0.2378968761255342,
    "76": 1,
    "77": 0.18431087912152663,
    "78": 0.0,
    "79": 1,
    "8": 0,
    "80": 1,
    "81": 0.5085024141313127,
    "82": 1,
    "83": 0.0,
    "84": 1,
    "85": 1,
    "86": 0.0,
    "87": 0.0,
    "88": 0.020750409013867634,
    "89": 1,
    "9": 0,
    "90": 0.0,
    "91": 1,
    "92": 0.0,
    "93": 1,
    "94": 0.0,
    "95": 0.0,
    "96": 0.0,
    "97": 1,
    "98": 0.0,
    "99": -0.03049508460094448
}