{
    "1": 0,
    "10": 0.01,
    "100": 0.07037114194285515,
    "11": 0,
    "12": 0.6275819325849045,
    "13": -1,
    "14": 1,
    "15": 1,
    "16": 0.5632278646425174,
    "17": 0.6070756574040512,
    "18": 0.4976426478579265,
    "19": 0.6214907700171635,
    "2": 0,
    "20": 0.2724108312482146,
    "21": 0.5721487900751322,
    "22": 0.5883550426803451,
    "23": 1,
    "24": 0.047105959709498685,
    "25": 0.21697683683279675,
    "26": 0.6172938409148908,
    "27": 0.11697054439354121,
    "28": 0.4450108876269201,
    "29": 0.5854601409313195,
    "3": 0,
    "30": 0.4572646299795,
    "31": 0.5618950375584264,
    "32": 0.4765605024857085,
    "33": 0.07791775650108616,
    "34": 0.5593919357014923,
    "35": 0.21436022871069552,
    "36": 0.5667967623423916,
    "37": 0.5397724354820341,
    "38": 0.09625861806288659,
    "39": 0.3178267825411147,
    "4": 0,
    "40": 0.5663558819424165,
    "41": 0.43869722395740757,
    "42": 0.12426481280073337,
    "43": 0.3835781243294338,
    "44": 0.11766402154436796,
    "45": -0.03379183373735058,
    "46": -0.053668543870873005,
    "47": 0.12304913973520588,
    "48": 0.5712597236276531,
    "49": 0.1432641281784979,
    "5": 0,
    "50": -0.02755394868658739,
    "51": 0.01,
    "52": 0,
    "53": 0,
    "54": 0,
    "55": 0,
    "56": 0,
    "57": 0,
    "58": 0,
    "59": 0,
    "6": 0,
    "60": 0,
    "61": -1,
    "62": 1,
    "63": 0.6094439288393234,
    "64": -1,
    "65": -1,
    "66": 1,
    "67": 0.6371260210112957,
    "68": 1,
    "69": 0.6530439266341287,
    "7": 0,
    "70": 0.22809421901526655,
    "71": 0.5706805324658231,
    "72": 1,
    "73": 0.6077328840888254,
    "74": 0.03874631429213187,
    "75": 0.209260310306495,
    "76": 0.610174908229112,
    "77": 0.11386225466203029,
    "78": 0.45311432456161116,
    "79": 0.584601350120121,
    "8": 0,
    "80": 0.50352557528077,
    "81": 0.5610343288496252,
    "82": 0.5074940068012745,
    "83": 0.02084021472330436,
    "84": 0.581168653760134,
    "85": 0.2842103722300942,
    "86": 0.5618211565486151,
    "87": 0.5628946569481783,
    "88": 0.1268914615714241,
    "89": 0.37443227935939544,
    "9": 0,
    "90": 0.5873271475389666,
    "91": 0.5159398203438259,
    "92": 0.09121056220303168,
    "93": 0.36488880216202363,
    "94": 0.05831239152793184,
    "95": 0.07101894503382757,
    "96": -0.004146473792596816,
    "97": 0.14539014026847938,
    "98": 0.569762191267956,
    "99": 0.0009657357377747541
}