{
    "1": 0,
    "10": 0,
    "100": 0.0,
    "11": 0.0,
    "12": 0.0,
    "13": 1,
    "14": 0.0,
    "15": 0.0,
    "16": 0.01,
    "17": 1,
    "18": 1,
    "19": 0.8188249890803072,
    "2": 0,
    "20": 0.0,
    "21": 0.5425860601860755,
    "22": 1,
    "23": 0.5887255837592171,
    "24": 1,
    "25": 0.0,
    "26": 0.0,
    "27": 1,
    "28": 0.0,
    "29": 0.0,
    "3": 0,
    "30": 1,
    "31": 1,
    "32": 1,
    "33": 1,
    "34": 0.769232431030941,
    "35": 0.0,
    "36": 0.0,
    "37": 0.0,
    "38": 1,
    "39": 1,
    "4": 0,
    "40": 0.0,
    "41": 1,
    "42": 0.0,
    "43": 0.0,
    "44": 1,
    "45": 1,
    "46": 0.0,
    "47": 0.3816506162744982,
    "48": 0.0,
    "49": 0.3520332201909924,
    "5": 0,
    "50": 0.0,
    "51": 0.01,
    "52": 0,
    "53": 0,
    "54": 0,
    "55": 0,
    "56": 0,
    "57": 0,
    "58": 0,
    "59": 0,
    "6": 0,
    "60": 1,
    "61": 1,
    "62": 1,
    "63": 0.0,
    "64": 1,
    "65": 1,
    "66": 0.01,
    "67": 0.0,
    "68": 0.39046420101954094,
    "69": 0.0,
    "7": 0,
    "70": 0.01,
    "71": 0.0,
    "72": 0.0,
    "73": 0.0,
    "74": 1,
    "75": 0.0,
    "76": 1,
    "77": 0.0,
    "78": 1,
    "79": 1,
    "8": 0,
    "80": 0.0,
    "81": 0.0,
    "82": 0.0,
    "83": 1,
    "84": 0.0,
    "85": 0.0,
    "86": 1,
    "87": 0.737542342152894,
    "88": 0.0,
    "89": 0.0,
    "9": 0,
    "90": 0.7847680397668277,
    "91": 1,
    "92": 1,
    "93": 0.0,
    "94": 0.421558771586515,
    "95": 1,
    "96": 0.38496021888535104,
    "97": 0.0,
    "98": 0.7178946205099075,
    "99": 0.0
}