{
    "1": 0,
    "10": 2,
    "11": 2,
    "12": 0.8164384958597157,
    "13": 2,
    "14": 2,
    "15": 0.5838583740096442,
    "16": 0.7764527602255099,
    "17": 0.8154423145954807,
    "18": 0.6646617107633385,
    "19": 0.8277236294188438,
    "2": 0,
    "20": 0.4368932038834951,
    "21": 0.7804436949046046,
    "22": 0.767581039975039,
    "23": 0.8101147234865061,
    "24": 0.39473684210526316,
    "25": 0.5520198236025278,
    "26": 0.8081308875323104,
    "27": 0.48757318764381574,
    "28": 0.6457862660572151,
    "29": 0.7680095348737194,
    "3": 0,
    "30": 0.683405023766059,
    "31": 0.7680003587431957,
    "32": 0.6579536199757084,
    "33": 0.4904329494774136,
    "34": 0.725897870254489,
    "35": 0.5750131066234754,
    "36": 0.7806988315276148,
    "37": 0.7226039165921868,
    "38": 0.4677136091779413,
    "39": 0.5813910230770183,
    "4": 0,
    "40": 0.7809388136950007,
    "41": 0.710701306646597,
    "42": 0.35403464300802706,
    "43": 0.5948772796370729,
    "44": 0.47930956982500766,
    "45": 0.3948289269051322,
    "46": 0.34087631937015955,
    "47": 0.4303002468565903,
    "48": 0.6900949459575411,
    "49": 0.3451640762137471,
    "5": 0,
    "50": 0.36146558124220507,
    "6": 2,
    "7": 0,
    "8": 0.48,
    "9": 0
}