{
    "1": 0,
    "10": 0,
    "11": 0.7551723977662771,
    "12": 0.8071326192793784,
    "13": 0.7690541676808926,
    "14": 0,
    "15": 0.7987269327931547,
    "16": 0.738351548437413,
    "17": 0.8014066639532115,
    "18": 0.6619559714509522,
    "19": 0.7932516373807647,
    "2": 0,
    "20": 0.7982461994138572,
    "21": 0.7551099187331906,
    "22": 0.735535922708455,
    "23": 0.7556936915841699,
    "24": 0.6607123506715817,
    "25": 0.7982461994138572,
    "26": 0.7565742536868654,
    "27": 0.6697754398257146,
    "28": 0.7484026245497905,
    "29": 0.7489609431004084,
    "3": 0,
    "30": 0.6568937683294758,
    "31": 0.7412228789640174,
    "32": 0.7398509106115939,
    "33": 0.6568937683294758,
    "34": 0.7249500771648135,
    "35": 0.7987269327931547,
    "36": 0.7509455248676339,
    "37": 0.7530624518458631,
    "38": 0.6699696293805998,
    "39": 0.7579625800176131,
    "4": 0,
    "40": 0.7560690853063309,
    "41": 0.6879228464824042,
    "42": 0.7524495704553033,
    "43": 0.36412403848126584,
    "44": 0.2876349624166215,
    "45": 0.3744073665989138,
    "46": 0.3609804021272177,
    "47": 0.36638792200542114,
    "48": 0.6889457897383618,
    "49": 0.3609804021272177,
    "5": 0,
    "50": 0.3609804021272177,
    "6": 0.7987269327931547,
    "7": 0,
    "8": 0.7987269327931547,
    "9": 0
}