{
    "1": 0,
    "10": 0,
    "100": 0.31074082901073674,
    "11": 0.7566211531227302,
    "12": 0.7970128209558854,
    "13": 0.7811280940052266,
    "14": 0,
    "15": 0.5104094629596632,
    "16": 0.7382613151341872,
    "17": 0.8102934160871648,
    "18": 0.6377771666574054,
    "19": 0.8046045112395711,
    "2": 0,
    "20": 0.5109241447827817,
    "21": 0.756678226397853,
    "22": 0.7537930399809722,
    "23": 0.7662866490307928,
    "24": 0.5295500679896893,
    "25": 0.5038586123205987,
    "26": 0.7662600781118952,
    "27": 0.4856815927214768,
    "28": 0.712659087875354,
    "29": 0.7504663804025563,
    "3": 0,
    "30": 0.6457499311309277,
    "31": 0.7376631875526737,
    "32": 0.7154257729147419,
    "33": 0.5324990109709379,
    "34": 0.7373857837792588,
    "35": 0.5106011484929749,
    "36": 0.75209680827122,
    "37": 0.7177609871170962,
    "38": 0.351064599573091,
    "39": 0.5320500639413908,
    "4": 0,
    "40": 0.7563703057872943,
    "41": 0.7048701810694947,
    "42": 0.3935924229944209,
    "43": 0.7218924480101085,
    "44": 0.34007104662625465,
    "45": 0.36333393947201126,
    "46": 0.3401874065364188,
    "47": 0.3490002276526844,
    "48": 0.7017384863919842,
    "49": 0.3118655725785654,
    "5": 0,
    "50": 0.3040769772345236,
    "51": 0.794440808586767,
    "52": 0,
    "53": 0,
    "54": 0,
    "55": 0,
    "56": 0,
    "57": 0,
    "58": 0.5038341608172168,
    "59": 0,
    "6": 0,
    "60": 0,
    "61": 0,
    "62": 0.8096870392128918,
    "63": 0.7822048075587931,
    "64": 0,
    "65": 0.508410896444719,
    "66": 0.7377241847060715,
    "67": 0.8054643517223483,
    "68": 0.644284414790028,
    "69": 0.8045321002501222,
    "7": 0,
    "70": 0.5102681992803106,
    "71": 0.7547776402846741,
    "72": 0.744963675673684,
    "73": 0.7662751663644828,
    "74": 0.532982239328648,
    "75": 0.512053355541924,
    "76": 0.7662934433559573,
    "77": 0.4078713216165152,
    "78": 0.6601818383744732,
    "79": 0.7504593493381815,
    "8": 0,
    "80": 0.6388528284032272,
    "81": 0.7376110985439819,
    "82": 0.7155759680742309,
    "83": 0.5329346510810639,
    "84": 0.7393094380692682,
    "85": 0.5065632783209132,
    "86": 0.751846991115394,
    "87": 0.7356032806827001,
    "88": 0.3513775785654058,
    "89": 0.5327283444922348,
    "9": 0,
    "90": 0.7547497575641157,
    "91": 0.6988003684371428,
    "92": 0.3859714275825587,
    "93": 0.5559388355902023,
    "94": 0.3839737672203913,
    "95": 0.7105314966703621,
    "96": 0.34025765139016123,
    "97": 0.35752873054422424,
    "98": 0.702014566038921,
    "99": 0.3120622829572448
}