{
    "1": 0,
    "10": 0,
    "11": 0.7565642022738116,
    "12": 0.8049931513819406,
    "13": 0.7770381627468363,
    "14": 0.6673150808479383,
    "15": 0.7860009457413948,
    "16": 0.7376073773901397,
    "17": 0.807525028439999,
    "18": 0.7059479134035367,
    "19": 0.8046087411151859,
    "2": 0,
    "20": 0.7859982830216612,
    "21": 0.7565656410293394,
    "22": 0.746508972262676,
    "23": 0.7843604114370417,
    "24": 0.5414514855637627,
    "25": 0.7860042154788602,
    "26": 0.7844006723635016,
    "27": 0.6669752023123783,
    "28": 0.738523154136248,
    "29": 0.746702647514745,
    "3": 0,
    "30": 0.7537194920269505,
    "31": 0.7376132815338248,
    "32": 0.7336418742808551,
    "33": 0.5414760072268434,
    "34": 0.7372420451708546,
    "35": 0.7933607186304268,
    "36": 0.7517751712774604,
    "37": 0.7360039035441284,
    "38": 0.5440941916626296,
    "39": 0.5433836495888407,
    "4": 0,
    "40": 0.7563679420648719,
    "41": 0.6994072703657628,
    "42": 0.36333630572270587,
    "43": 0.6856737151200356,
    "44": 0.3162137230126022,
    "45": 0.3766680394313839,
    "46": 0.3456257702943514,
    "47": 0.3506783558218219,
    "48": 0.6972154635978178,
    "49": 0.30694795922617873,
    "5": 0,
    "50": 0.33078316560515975,
    "6": 0,
    "7": 0,
    "8": 0.7860033005607571,
    "9": 0
}