{
    "1": 0,
    "10": 0,
    "11": 0.7565642022738116,
    "12": 0.8049931513819406,
    "13": 0.7770381627468363,
    "14": 0.6673150808479383,
    "15": 0.5684551688711357,
    "16": 0.7376073773901397,
    "17": 0.807525028439999,
    "18": 0.6911869587314422,
    "19": 0.8046087411151859,
    "2": 0,
    "20": 0.5638364956275798,
    "21": 0.7565656410293394,
    "22": 0.7676345994399526,
    "23": 0.7843604114370417,
    "24": 0.43726747826159473,
    "25": 0.7860042154788602,
    "26": 0.7844006723635016,
    "27": 0.6669752023123783,
    "28": 0.738523154136248,
    "29": 0.746702647514745,
    "3": 0,
    "30": 0.7537194920269505,
    "31": 0.7376132815338248,
    "32": 0.7336418742808551,
    "33": 0.40885013006842236,
    "34": 0.7264562348133389,
    "35": 0.5913439150290886,
    "36": 0.7517751712774604,
    "37": 0.7360039035441284,
    "38": 0.48177581944655645,
    "39": 0.5887454551233157,
    "4": 0,
    "40": 0.7799407072014526,
    "41": 0.7153689218444736,
    "42": 0.41518281321249034,
    "43": 0.5422394037266063,
    "44": 0.43708032092481525,
    "45": 0.45936425732831876,
    "46": 0.38497942439720595,
    "47": 0.4334665177067752,
    "48": 0.7104940261060595,
    "49": 0.36884162977141915,
    "5": 0,
    "50": 0.37671332873015423,
    "6": 0,
    "7": 0,
    "8": 0.7860033005607571,
    "9": 0
}