{
    "1": 0,
    "10": 0.788776654608649,
    "100": 0.31630366443259533,
    "11": 0.7560946063328058,
    "12": 0.8085821741187007,
    "13": 0.7802744328886412,
    "14": 0.666480893811106,
    "15": 0.7860042610644813,
    "16": 0.7376286233619911,
    "17": 0.8049674482116983,
    "18": 0.6601879331170671,
    "19": 0.7887233025177643,
    "2": 0,
    "20": 0.7859938643219472,
    "21": 0.7561301430788755,
    "22": 0.7461255546426143,
    "23": 0.7862973061385794,
    "24": 0.6360557923591614,
    "25": 0.7859951266878528,
    "26": 0.789604470016829,
    "27": 0.6625731582152801,
    "28": 0.7304045088697059,
    "29": 0.7504506570167081,
    "3": 0,
    "30": 0.6531872570861672,
    "31": 0.738647725226068,
    "32": 0.7283283468021505,
    "33": 0.7278438760166727,
    "34": 0.7364812950680555,
    "35": 0.7860056468752837,
    "36": 0.7520535102843674,
    "37": 0.7358205098356908,
    "38": 0.544084518308785,
    "39": 0.5334670832962451,
    "4": 0,
    "40": 0.7566184065019422,
    "41": 0.6859802151276297,
    "42": 0.3728917186461143,
    "43": 0.6080192418719477,
    "44": 0.3030473692475088,
    "45": 0.3562021745012826,
    "46": 0.340019809892383,
    "47": 0.350354439535282,
    "48": 0.7013484431551538,
    "49": 0.30163366468462827,
    "5": 0,
    "50": 0.30326492502444113,
    "51": 0,
    "52": 0,
    "53": 0,
    "54": 0,
    "55": 0,
    "56": 0,
    "57": 0,
    "58": 0,
    "59": 0,
    "6": 0,
    "60": 0.8066021304608091,
    "61": 0.7574354740263233,
    "62": 0.8096354235690707,
    "63": 0.778672751205525,
    "64": 0.6636211450175472,
    "65": 0.7844716110608237,
    "66": 0.7382836740790606,
    "67": 0.8053503734228671,
    "68": 0.6673624255454987,
    "69": 0.8046086383163545,
    "7": 0,
    "70": 0.7860020743848437,
    "71": 0.7565686209096566,
    "72": 0.7425812033835847,
    "73": 0.7843686565458006,
    "74": 0.5414801441513319,
    "75": 0.7860013529342801,
    "76": 0.7844282100190267,
    "77": 0.6668921353636013,
    "78": 0.7303763231899292,
    "79": 0.7504615604198331,
    "8": 0.7859951922093326,
    "80": 0.6660381591763906,
    "81": 0.7382495757870234,
    "82": 0.7351885796968616,
    "83": 0.5414363858443675,
    "84": 0.7284032110902094,
    "85": 0.7860032084214265,
    "86": 0.7504648576629828,
    "87": 0.7353369502157541,
    "88": 0.5441746016409611,
    "89": 0.5314516007351037,
    "9": 0,
    "90": 0.7565734748689986,
    "91": 0.6908680565379668,
    "92": 0.379181007064571,
    "93": 0.6857638864046247,
    "94": 0.4452195809953345,
    "95": 0.37227570203041815,
    "96": 0.34026178426481535,
    "97": 0.3575497598840762,
    "98": 0.7013798344806699,
    "99": 0.31193921819783443
}