{
    "1": 0,
    "10": 0.788776654608649,
    "100": 0.41007686724459397,
    "11": 0.01,
    "12": 0.8085821741187007,
    "13": 0.7802744328886412,
    "14": 0.666480893811106,
    "15": 0.7860042610644813,
    "16": 0.7376286233619911,
    "17": 0.8049674482116983,
    "18": 0.6731488950642853,
    "19": 0.7887233025177643,
    "2": 0,
    "20": 0.7859938643219472,
    "21": 0.7561301430788755,
    "22": 0.7461255546426143,
    "23": 0.7862973061385794,
    "24": 0.45154683779028054,
    "25": 0.7859951266878528,
    "26": 0.789604470016829,
    "27": 0.44846523283639006,
    "28": 0.7304045088697059,
    "29": 0.7652804861712986,
    "3": 0,
    "30": 0.6748894977892731,
    "31": 0.738647725226068,
    "32": 0.6657524894172613,
    "33": 0.01,
    "34": 0.7270541723297809,
    "35": 0.7860056468752837,
    "36": 0.7755470306660991,
    "37": 0.7195970299537379,
    "38": 0.3872178178475425,
    "39": 0.5617916149754524,
    "4": 0,
    "40": 0.7780442940294809,
    "41": 0.6742780428336568,
    "42": 0.3716834581961241,
    "43": 0.5455672591303949,
    "44": 0.42591929256103195,
    "45": 0.3673701680026866,
    "46": 0.3687759417708903,
    "47": 0.4048782457980395,
    "48": 0.6997069982365277,
    "49": 0.39444805270874034,
    "5": 0,
    "50": 0.4074567945920032,
    "51": 0,
    "52": 0,
    "53": 0,
    "54": 0,
    "55": 0,
    "56": 0,
    "57": 0,
    "58": 0,
    "59": 0,
    "6": 0,
    "60": 0.8066021304608091,
    "61": 0.7574354740263233,
    "62": 0.8096354235690707,
    "63": 0.778672751205525,
    "64": 0.01,
    "65": 0.7844716110608237,
    "66": 0.01,
    "67": 0.8053503734228671,
    "68": 0.7119513174707528,
    "69": 0.8046086383163545,
    "7": 0,
    "70": 0.5486731677609143,
    "71": 0.7565686209096566,
    "72": 0.7706850878083753,
    "73": 0.808198540726289,
    "74": 0.4094516970007197,
    "75": 0.5574377166432617,
    "76": 0.7844282100190267,
    "77": 0.4895606030267393,
    "78": 0.7303763231899292,
    "79": 0.7504615604198331,
    "8": 0.7859951922093326,
    "80": 0.6660381591763906,
    "81": 0.7382495757870234,
    "82": 0.6834326297774911,
    "83": 0.3849667189618956,
    "84": 0.7456781410920551,
    "85": 0.5411729712094775,
    "86": 0.7504648576629828,
    "87": 0.7353369502157541,
    "88": 0.47497883026175,
    "89": 0.5710596012525655,
    "9": 0,
    "90": 0.7565734748689986,
    "91": 0.709183554972084,
    "92": 0.4334597230606956,
    "93": 0.5463729279114975,
    "94": 0.4648990688395144,
    "95": 0.43295893235783944,
    "96": 0.37320973140713243,
    "97": 0.01,
    "98": 0.6898809078122202,
    "99": 0.43326959673613297
}