{
    "1": 0,
    "10": 0,
    "100": 0.26443751736871546,
    "11": 0,
    "12": 0.38598328262501796,
    "13": 0.8249617525784242,
    "14": 0.5719394327789721,
    "15": 0.37684384638556706,
    "16": 0.5084676048986638,
    "17": 0.5577238203526743,
    "18": 0.99,
    "19": 0.99,
    "2": 0,
    "20": 0.7646750758554219,
    "21": 0.4981922419379773,
    "22": 0.4555394586922296,
    "23": 0.3688458579135463,
    "24": 0.7823892783640896,
    "25": 0.32968308609373326,
    "26": 0.7678554780037582,
    "27": 0.36750872912277677,
    "28": 0.6589173637346534,
    "29": 0.7723875156990007,
    "3": 0,
    "30": 0.87291503123749,
    "31": 0.9162053112943971,
    "32": 0.6567099654792291,
    "33": 0.43787708542088877,
    "34": 0.6878438694256788,
    "35": 0.7778607198639955,
    "36": 0.7214747112843116,
    "37": 0.9988939089637785,
    "38": 0.4974781985947581,
    "39": 0.42642432585382656,
    "4": 0,
    "40": 0.7346962136046575,
    "41": 0.47072997507802294,
    "42": 0.2309584223657528,
    "43": 0.6673563303056782,
    "44": 0.38778426176908126,
    "45": 0.3314347419422837,
    "46": 0.4122535768397223,
    "47": 0.44958493207462125,
    "48": 0.8020848074108807,
    "49": 0.05098872017845951,
    "5": 0,
    "50": 0.695450809086892,
    "51": 0.9498995109619245,
    "52": 0,
    "53": 0,
    "54": 0,
    "55": 0,
    "56": 0,
    "57": 0,
    "58": 0,
    "59": 0,
    "6": 0,
    "60": 0,
    "61": 0,
    "62": 0,
    "63": 0.8693103006842746,
    "64": 0.8119082578953156,
    "65": 0.400339301151754,
    "66": 0.39056426326628585,
    "67": 0.9134240843723065,
    "68": 0.7588659673993413,
    "69": 0.68653695840476,
    "7": 0,
    "70": 0.6294235984820896,
    "71": 0.6736732293365202,
    "72": 0.8090231605585567,
    "73": 0.8214846278137754,
    "74": 0.23609198088247524,
    "75": 0.7756216264878537,
    "76": 0.7830221138434581,
    "77": 0.7011647192946311,
    "78": 0.6844873947970337,
    "79": 0.8714545556787505,
    "8": 0,
    "80": 0.6262089018501324,
    "81": 0.6821472526445544,
    "82": 0.43896239042065804,
    "83": 0.6810096442276723,
    "84": 0.99,
    "85": 0.574217218650538,
    "86": 0.99,
    "87": 0.6628715228664179,
    "88": 0.22116299623456132,
    "89": 0.2807798371303973,
    "9": 0,
    "90": 0.8632425652342497,
    "91": 0.693401527780406,
    "92": 0.36956642423530556,
    "93": 0.5233709056628024,
    "94": 0.42523545977927185,
    "95": 0.18724589134158015,
    "96": 0.3829904333044961,
    "97": 0.14583624579039134,
    "98": 0.7591172316561196,
    "99": 0.20497153382273117
}