{
    "1": 0,
    "10": 0,
    "11": -1,
    "12": 0.83102536877523,
    "13": -1,
    "14": 0,
    "15": -1,
    "16": 1,
    "17": 0.8408892105557358,
    "18": 0.9103124859219899,
    "19": 0.8430747579541653,
    "2": 0,
    "20": 0.8981581035610297,
    "21": 0.8848925943460867,
    "22": 0.8898383486585679,
    "23": 1,
    "24": 0,
    "25": 0.9013106576150833,
    "26": 0.8578198987819168,
    "27": 0.9155560545404393,
    "28": 0.8963703895917476,
    "29": 0.8952781458923208,
    "3": 0,
    "30": 0.9139754469922207,
    "31": 0.8300617539318498,
    "32": 0.8998859897509585,
    "33": 0.877953456087171,
    "34": -1,
    "35": 0.9034495861078022,
    "36": 0.8908556423626014,
    "37": 0.8507233269851598,
    "38": 0.912304399853096,
    "39": 0.9115161421442027,
    "4": 0,
    "40": 0.8898508674316236,
    "41": 0.9136946240629376,
    "42": 0.84303214705143,
    "43": 0.9111315999108306,
    "44": 0.9173364611530634,
    "45": 0.917678007204438,
    "46": 0.6455358220359131,
    "47": 0.910597368441776,
    "48": 0.9202163983596309,
    "49": 0.8936798800920374,
    "5": 0,
    "50": 0.9200338763655355,
    "6": 0,
    "7": 0,
    "8": 0,
    "9": 0
}