{
    "1": 0,
    "10": 0,
    "11": 1,
    "12": 0.01,
    "13": 1,
    "14": 1,
    "15": 1,
    "16": 0.0,
    "17": 0.0,
    "18": 1,
    "19": 1,
    "2": 0,
    "20": 1,
    "21": 0.0,
    "22": 0.0,
    "23": 1,
    "24": 1,
    "25": 0.0,
    "26": 0.0,
    "27": 0.0,
    "28": 0.38995554739719185,
    "29": 1,
    "3": 0,
    "30": 0.0,
    "31": 0.771488989378502,
    "32": 0.0,
    "33": 0.0,
    "34": 0.0,
    "35": 0.5871761077036087,
    "36": 0.7891181647300856,
    "37": 0.0,
    "38": 0.0,
    "39": 0.0,
    "4": 0,
    "40": 0.0,
    "41": 0.7256914089431278,
    "42": 1,
    "43": 0.0,
    "44": 1,
    "45": 0.0,
    "46": 0.32878917865002566,
    "47": 0.0,
    "48": 0.0,
    "49": 0.0,
    "5": 0,
    "50": 0.0,
    "6": 1,
    "7": 0,
    "8": 0,
    "9": 0
}