{
    "1": 0,
    "10": 0,
    "11": 0.0,
    "12": 0.01,
    "13": 1,
    "14": 1,
    "15": 0.0,
    "16": 1,
    "17": 1,
    "18": 1,
    "19": 0.0,
    "2": 0,
    "20": 0.0,
    "21": 0.5081338067575939,
    "22": 1,
    "23": 0.0,
    "24": 0.0,
    "25": 1,
    "26": 1,
    "27": 1,
    "28": 0.0,
    "29": 0.0,
    "3": 0,
    "30": 1,
    "31": 0.0,
    "32": 0.47606426474202507,
    "33": 1,
    "34": 1,
    "35": 0.0,
    "36": 0.0,
    "37": 0.5195662775508249,
    "38": 1,
    "39": 0.30834970457506056,
    "4": 0,
    "40": 0.5053530864111268,
    "41": 0.0,
    "42": 0.0,
    "43": 1,
    "44": 0.0,
    "45": -0.10318335136261862,
    "46": 0.0,
    "47": 0.02651876152609149,
    "48": 1,
    "49": -0.031942071943899496,
    "5": 0,
    "50": 1,
    "6": 1,
    "7": 0,
    "8": 0,
    "9": 0
}