{
    "1": 0,
    "10": 0,
    "100": 0.42859373222956393,
    "11": 0,
    "12": 0.8120054618457453,
    "13": -1,
    "14": -1,
    "15": -1,
    "16": 0,
    "17": 0.8118955194435603,
    "18": 0.6766633504593546,
    "19": 0.8272895617413144,
    "2": 0,
    "20": 0.551005219081344,
    "21": 0.78182524480629,
    "22": 0.7759392089561208,
    "23": 0.8080394858670628,
    "24": 0.40492550184331383,
    "25": 0.5757963458859908,
    "26": 0.8106528068107492,
    "27": 0.4813107179269018,
    "28": 0.6467284772790715,
    "29": 0.7710908932001991,
    "3": 0,
    "30": 0.7012203620495162,
    "31": 0.7668799312371498,
    "32": 0.6699810955215298,
    "33": 0.41343598078951144,
    "34": 0.7456988841204382,
    "35": 0.5485518479740593,
    "36": 0.7759212522579025,
    "37": 0.7445514204260049,
    "38": 0.45120044330056314,
    "39": 0.5822465246931219,
    "4": 0,
    "40": 0.7865991539397249,
    "41": 0.7195772870062505,
    "42": 0.392775189068205,
    "43": 0.5798862324548314,
    "44": 0.4539514746558306,
    "45": 0.40907711945175557,
    "46": 0.3993320446399374,
    "47": 0.43500289265456976,
    "48": 0.6994124225713912,
    "49": 0.37903972469492103,
    "5": 0,
    "50": 0.3796657676463551,
    "51": 0,
    "52": 0,
    "53": 0,
    "54": 0,
    "55": 0,
    "56": -1,
    "57": -1,
    "58": 0,
    "59": 0,
    "6": -1,
    "60": 0,
    "61": 0,
    "62": 0.8173949281292348,
    "63": -1,
    "64": 0,
    "65": -1,
    "66": -1,
    "67": 0.8219869438992699,
    "68": 0.697585376660247,
    "69": 0.8151137000711467,
    "7": 0,
    "70": 0.5631010750289941,
    "71": 0.7774950944230278,
    "72": 0.7687442850972381,
    "73": 0.8071927703455255,
    "74": 0.41436573140351485,
    "75": 0.5518536690015144,
    "76": 0.8148121875068387,
    "77": 0.4938470728716334,
    "78": 0.6512164207923052,
    "79": 0.7729371380821787,
    "8": 0,
    "80": 0.6710773824516653,
    "81": 0.7665312842099149,
    "82": 0.6789659671633572,
    "83": 0.43572782680161165,
    "84": 0.7509105508922678,
    "85": 0.5789431635317817,
    "86": 0.7788015023624475,
    "87": 0.7155005995999704,
    "88": 0.5074226386382319,
    "89": 0.5621638726926769,
    "9": 0,
    "90": 0.7783734867806745,
    "91": 0.7390510456821084,
    "92": 0.3711348034159988,
    "93": 0.5390701475602258,
    "94": 0,
    "95": 0,
    "96": 0.4014414412814874,
    "97": 0.42037831808940757,
    "98": 0.6995552165878276,
    "99": 0.3634026268130913
}