{
    "1": 0,
    "10": 0,
    "11": -1,
    "12": 0,
    "13": -1,
    "14": -1,
    "15": -1,
    "16": 0.7685268627853283,
    "17": 0.807712157361619,
    "18": 0.6797598676594736,
    "19": 0.8177323585372013,
    "2": 0,
    "20": 0,
    "21": 0.7705210925583612,
    "22": 0.7625730894458388,
    "23": 0.8076618587893919,
    "24": 0,
    "25": 0,
    "26": 0.8129014793910501,
    "27": 0.43456680968296835,
    "28": 0,
    "29": 0.7614338015799832,
    "3": 0,
    "30": 0.6761416953230949,
    "31": 0.7627970088139451,
    "32": 0.6686850905997631,
    "33": 0,
    "34": 0,
    "35": 0.5555998326004823,
    "36": 0.7794839298259083,
    "37": 0.7342528890936967,
    "38": 0.4665966008664337,
    "39": 0.565992574232999,
    "4": 0,
    "40": 0.7719007556743293,
    "41": 0.7301254869019613,
    "42": 0.37066083987341364,
    "43": 0.5820032755901549,
    "44": 0,
    "45": 0.3919105206523955,
    "46": 0.3365588864971473,
    "47": 0.37967438323808034,
    "48": 0.7244038900934494,
    "49": 0.25223166200777564,
    "5": 0,
    "50": 0.3855943899666889,
    "6": 0,
    "7": 0,
    "8": 0,
    "9": 0
}