{
    "1": 0,
    "10": 0,
    "100": 0.99,
    "11": 0,
    "12": 0.99,
    "13": 0.653468340855771,
    "14": 0,
    "15": 0,
    "16": 0.9138459740787568,
    "17": 0.7229912422549147,
    "18": 0.7014241638891598,
    "19": 0.651787555720409,
    "2": 0,
    "20": 0.8517072987866041,
    "21": 0.6704912910254233,
    "22": 0.6268501152985354,
    "23": 0.011,
    "24": 0.6583553466957781,
    "25": 0.29456765644114435,
    "26": 0.4936629238915016,
    "27": 0.032410864570923126,
    "28": 0.7373891490153012,
    "29": 0.99,
    "3": 0,
    "30": 0.7527878200942124,
    "31": 0.8357954891221828,
    "32": 0.780700306475512,
    "33": 0.27157166429452817,
    "34": 0.7013922748376068,
    "35": 0.42484524793669476,
    "36": 0.6427133809674088,
    "37": 0.39043040628853615,
    "38": 0.6892271365232299,
    "39": 0.6317815026942858,
    "4": 0,
    "40": 0.1866434487053954,
    "41": 0.5380514438502282,
    "42": 0.4274206184468007,
    "43": 0.8660038387756033,
    "44": 0.7091279988371314,
    "45": 0.6202506126695425,
    "46": 0.19797570626751274,
    "47": 0.011,
    "48": 0.5506703372105646,
    "49": 0.9725604471341478,
    "5": 0,
    "50": 0.5986050563851131,
    "51": 0.7088827177185425,
    "52": 0,
    "53": 0,
    "54": 0,
    "55": 0,
    "56": 0,
    "57": 0,
    "58": 0,
    "59": 0,
    "6": 0,
    "60": 0,
    "61": 0,
    "62": 0,
    "63": 0,
    "64": 0.6469479950709327,
    "65": 0.18273083524311162,
    "66": 0.5622327179071923,
    "67": 0.810755881234393,
    "68": 0.3039097430870344,
    "69": 0.99,
    "7": 0,
    "70": 0.4676064701828582,
    "71": 0.8176580312154499,
    "72": 0.7994194920239567,
    "73": 0.8760821943602933,
    "74": 0.36752607388813135,
    "75": 0.20816193936052713,
    "76": 0.4389451989960518,
    "77": 0.3848243322637798,
    "78": 0.6670817875951586,
    "79": 0.99,
    "8": 0,
    "80": 0.9351460828720038,
    "81": 0.5768577423900259,
    "82": 0.40468305004508376,
    "83": 0.8535385793526986,
    "84": 0.8590577883566682,
    "85": 0.99,
    "86": 0.99,
    "87": 0.4549552855753379,
    "88": 0.40492672269618135,
    "89": 0.7306767975099149,
    "9": 0,
    "90": 0.9077474951771067,
    "91": 0.48388163796110767,
    "92": 0.642151725226988,
    "93": 0.7375429230818973,
    "94": 0.2374143509769251,
    "95": 0.24568621435449728,
    "96": 0.12001153486736543,
    "97": 0.36735746559320415,
    "98": 0.9343317205700715,
    "99": 0.9475174419529824
}