{
    "1": 0,
    "10": 0,
    "100": 0.40442831363531995,
    "11": 0,
    "12": 0.8082426322026247,
    "13": 0.7772513498945888,
    "14": 0,
    "15": 0.511538147816916,
    "16": 0.7514762823945582,
    "17": 0.8080057078747157,
    "18": 0.7493054939186632,
    "19": 0.8155389487675732,
    "2": 0,
    "20": 0.5119968251430168,
    "21": 0.7796050236470059,
    "22": 0.7535892060917412,
    "23": 0.79478312414018,
    "24": 0.4033755406543203,
    "25": 0.511722893931752,
    "26": 0.792216940684278,
    "27": 0.40890164822821373,
    "28": 0.6718977712786551,
    "29": 0.7542539561169797,
    "3": 0,
    "30": 0.6694453030876231,
    "31": 0.7515763674134628,
    "32": 0.7292205700591989,
    "33": 0.4035881224437627,
    "34": 0.7185742859948696,
    "35": 0.511994510889165,
    "36": 0.754221729614388,
    "37": 0.7173885462011543,
    "38": 0.3545077545324796,
    "39": 0.5454529143502794,
    "4": 0,
    "40": 0.787121000790495,
    "41": 0.7174394602727099,
    "42": 0.5329998296878872,
    "43": 0.6882090657797703,
    "44": 0.3173689411777594,
    "45": 0.34468189839107644,
    "46": 0.262668602648778,
    "47": 0.4131671267596957,
    "48": 0.7102407644556596,
    "49": 0.38683404803339644,
    "5": 0,
    "50": 0.3752245490859678,
    "51": 0.80813853249098,
    "52": 0,
    "53": 0,
    "54": 0,
    "55": 0,
    "56": 0.8052705595399189,
    "57": 0,
    "58": 0,
    "59": 0,
    "6": 0,
    "60": 0,
    "61": 0.7872567296110978,
    "62": 0,
    "63": 0.7864436273150157,
    "64": 0,
    "65": 0.511913210160715,
    "66": 0.7535761959367632,
    "67": 0.8081661023336624,
    "68": 0.6694421349554175,
    "69": 0.808626894087376,
    "7": 0,
    "70": 0.5120126056906501,
    "71": 0.7871381196232206,
    "72": 0.7535874138552319,
    "73": 0.7922160043253332,
    "74": 0.6707822078713876,
    "75": 0.5118438198304064,
    "76": 0.7943163434868897,
    "77": 0.4089071068384832,
    "78": 0.669249438572671,
    "79": 0.7542017925079466,
    "8": 0,
    "80": 0.6694334557803124,
    "81": 0.7515758612294909,
    "82": 0.7145715624757607,
    "83": 0.4031496454607183,
    "84": 0.7177890082746344,
    "85": 0.5114859502047202,
    "86": 0.7555165727830694,
    "87": 0.7523018698229358,
    "88": 0.5398126248509002,
    "89": 0.6227889346083217,
    "9": 0,
    "90": 0.7814870336112909,
    "91": 0.7160571003662777,
    "92": 0.4720715397053303,
    "93": 0.6270172634908788,
    "94": 0.31588870766873695,
    "95": 0.36898133472977895,
    "96": 0.282954219610818,
    "97": 0.4130037706203403,
    "98": 0.7339520350388105,
    "99": 0.41278537077185073
}