{
    "1": 0,
    "10": 0,
    "100": 0.3998052106355342,
    "11": 0,
    "12": 0.8082426322026247,
    "13": 0.7772513498945888,
    "14": 0,
    "15": 0.5539351821205084,
    "16": 0.7514762823945582,
    "17": 0.8080057078747157,
    "18": 0.7493054939186632,
    "19": 0.8155389487675732,
    "2": 0,
    "20": 0.5357303964146679,
    "21": 0.7833515225234219,
    "22": 0.7595540073886353,
    "23": 0.8154929219180306,
    "24": 0.45185858681559765,
    "25": 0.55900199090524,
    "26": 0.792216940684278,
    "27": 0.47447514582064,
    "28": 0.6559811760143596,
    "29": 0.7542539561169797,
    "3": 0,
    "30": 0.6883816908505872,
    "31": 0.7515763674134628,
    "32": 0.7292205700591989,
    "33": 0.46329299213510583,
    "34": 0.7383260629142584,
    "35": 0.5329220172448169,
    "36": 0.754221729614388,
    "37": 0.7164439902957761,
    "38": 0.3972833646902677,
    "39": 0.5602226706979633,
    "4": 0,
    "40": 0.787121000790495,
    "41": 0.7273641390756649,
    "42": 0.33934687910365574,
    "43": 0.5843513616849324,
    "44": 0.36756283199020773,
    "45": 0.40757070519354793,
    "46": 0.37102424957033975,
    "47": 0.4148426799343544,
    "48": 0.7357579256187775,
    "49": 0.3059311255956115,
    "5": 0,
    "50": 0.35380928385685734,
    "51": 0.80813853249098,
    "52": 0,
    "53": 0,
    "54": 0,
    "55": 0,
    "56": 0.01,
    "57": 0,
    "58": 0,
    "59": 0,
    "6": 0,
    "60": 0,
    "61": 0.7872567296110978,
    "62": 0,
    "63": 0.7864436273150157,
    "64": 0,
    "65": 0.511913210160715,
    "66": 0.01,
    "67": 0.8081661023336624,
    "68": 0.01,
    "69": 0.808626894087376,
    "7": 0,
    "70": 0.5737726247471302,
    "71": 0.7871381196232206,
    "72": 0.01,
    "73": 0.7922160043253332,
    "74": 0.403178102839265,
    "75": 0.5710436289869028,
    "76": 0.7943163434868897,
    "77": 0.4470878145780245,
    "78": 0.6482425833898302,
    "79": 0.7644700418935824,
    "8": 0,
    "80": 0.6694334557803124,
    "81": 0.7515758612294909,
    "82": 0.7145715624757607,
    "83": 0.41864121178747377,
    "84": 0.73297449618253,
    "85": 0.5486752331834013,
    "86": 0.7555165727830694,
    "87": 0.7523018698229358,
    "88": 0.5291838844354549,
    "89": 0.6094919219118985,
    "9": 0,
    "90": 0.7824761170756336,
    "91": 0.708757995503753,
    "92": 0.3335550259512511,
    "93": 0.55164840178446,
    "94": 0.41375097041237285,
    "95": 0.4270009977382392,
    "96": 0.2986052460917234,
    "97": 0.39890355099052355,
    "98": 0.7112960858748637,
    "99": 0.40217716590439456
}