{
    "1": 0.7307692307692307,
    "10": 0.8372093023255814,
    "11": 0.7868852459016393,
    "12": 0.8505747126436781,
    "13": 0.7142857142857143,
    "14": 0.581081081081081,
    "15": 0.5833333333333334,
    "16": 0.7810650887573964,
    "17": 0.8179508890770534,
    "18": 0.6211180124223602,
    "19": 0.846897663174859,
    "2": 0.78125,
    "20": 0.4368932038834951,
    "21": 0.781888459414688,
    "22": 0.7507477567298105,
    "23": 0.8193577163247101,
    "24": 0.39473684210526316,
    "25": 0.5728643216080402,
    "26": 0.8217136774880256,
    "27": 0.4668079096045198,
    "28": 0.6499778466991581,
    "29": 0.7506313131313131,
    "3": 0.6486486486486487,
    "30": 0.6843645484949833,
    "31": 0.7765296367112811,
    "32": 0.6419239904988123,
    "33": 0.4226902824317855,
    "34": 0.7434373452204062,
    "35": 0.5576176089771256,
    "36": 0.775793991416309,
    "37": 0.7217560975609756,
    "38": 0.46901626646010847,
    "39": 0.6000614817091915,
    "4": 0.6666666666666666,
    "40": 0.7876817792985458,
    "41": 0.7232691519868906,
    "42": 0.35403464300802706,
    "43": 0.5965155720012334,
    "44": 0.4137799043062201,
    "45": 0.3948289269051322,
    "46": 0.4155668541756815,
    "47": 0.46397576830139875,
    "48": 0.7278701992195523,
    "49": 0.3659076923076923,
    "5": 0.46153846153846156,
    "50": 0.39566965666563564,
    "6": 0.7647058823529411,
    "7": 0.8108108108108109,
    "8": 0.48,
    "9": 0.3157894736842105
}