{
    "1": 1,
    "10": 1,
    "11": 1,
    "12": 1,
    "13": 1,
    "14": 1,
    "15": 2,
    "16": 1,
    "17": 1,
    "18": 0.6897089859341036,
    "19": 1,
    "2": 1,
    "20": 0.5810636315729857,
    "21": 1,
    "22": 0.7744364401234743,
    "23": 1,
    "24": 2,
    "25": 1,
    "26": 1,
    "27": 1,
    "28": 1,
    "29": 0.7690717134921539,
    "3": 1,
    "30": 1,
    "31": 1,
    "32": 1,
    "33": 0.45591393756718446,
    "34": 0.7318828520928498,
    "35": 0.579223678254917,
    "36": 1,
    "37": 1,
    "38": 0.4652617803877027,
    "39": 1,
    "4": 1,
    "40": 0.7782090985658565,
    "41": 0.6802219109611933,
    "42": 0.3673989046357164,
    "43": 0.5774007797707207,
    "44": 1,
    "45": 0.48303559777253674,
    "46": 0.4065066555982953,
    "47": 0.43021431089757556,
    "48": 0.6996732051475488,
    "49": 0.37362821422584225,
    "5": 1,
    "50": 0.38581494865527083,
    "6": 1,
    "7": 1,
    "8": 1,
    "9": 1
}