{
    "1": 0,
    "10": 0,
    "100": 217.5,
    "11": 0,
    "12": 0,
    "13": 0,
    "14": 115.2,
    "15": 0,
    "16": 0,
    "17": 0,
    "18": 112.4,
    "19": 0,
    "2": 0,
    "20": 56.0,
    "21": 60.0,
    "22": 633.0,
    "23": 67.9,
    "24": 224.1,
    "25": 54.3,
    "26": 0,
    "27": 50.1,
    "28": 189.6,
    "29": 0,
    "3": 0,
    "30": 225.7,
    "31": 0,
    "32": 0,
    "33": 231.0,
    "34": 151.7,
    "35": 52.3,
    "36": 0,
    "37": 458.1,
    "38": 54.7,
    "39": 444.1,
    "4": 0,
    "40": 0,
    "41": 271.0,
    "42": 270.0,
    "43": 840.4,
    "44": 549.3,
    "45": 65.6,
    "46": 525.5,
    "47": 397.1,
    "48": 467.5,
    "49": 464.29999999999995,
    "5": 0,
    "50": 227.5,
    "51": 0,
    "52": 0,
    "53": 0,
    "54": 0,
    "55": 0,
    "56": 0,
    "57": 0,
    "58": 0,
    "59": 0,
    "6": 0,
    "60": 0,
    "61": 0,
    "62": 0,
    "63": 0,
    "64": 0,
    "65": 0,
    "66": 0,
    "67": 0,
    "68": 136.4,
    "69": 0,
    "7": 0,
    "70": 54.0,
    "71": 0,
    "72": 463.5,
    "73": 0,
    "74": 222.1,
    "75": 50.3,
    "76": 0,
    "77": 51.1,
    "78": 171.6,
    "79": 940.1,
    "8": 0,
    "80": 0,
    "81": 91.9,
    "82": 0,
    "83": 240.0,
    "84": 138.7,
    "85": 50.3,
    "86": 0,
    "87": 0,
    "88": 56.7,
    "89": 118.9,
    "9": 0,
    "90": 70.6,
    "91": 195.4,
    "92": 238.0,
    "93": 1181.8000000000002,
    "94": 0,
    "95": 117.8,
    "96": 475.5,
    "97": 443.1,
    "98": 606.0,
    "99": 451.29999999999995
}