{
    "1": 0,
    "10": 0,
    "100": 0.310993414239853,
    "11": 0.7561182569632533,
    "12": 0.8095822005245179,
    "13": 0.7845537892989318,
    "14": 0,
    "15": 0.8020132893575304,
    "16": 0.7376060508018254,
    "17": 0.8076226474585154,
    "18": 0.6401135474361415,
    "19": 0.788691054242815,
    "2": 0,
    "20": 0.7859984437305156,
    "21": 0.7565740566839146,
    "22": 0.7538427130132165,
    "23": 0.766285543556947,
    "24": 0.5329910820353438,
    "25": 0.78599204230776,
    "26": 0.7662647882467879,
    "27": 0.6264536483815462,
    "28": 0.7125569760976158,
    "29": 0.7504603222054275,
    "3": 0,
    "30": 0.6390589096572792,
    "31": 0.7382521184250787,
    "32": 0.7282679135700982,
    "33": 0.583154658611116,
    "34": 0.7373024215667049,
    "35": 0.7860048817271488,
    "36": 0.7504864691819888,
    "37": 0.7188155910362304,
    "38": 0.5185582064928306,
    "39": 0.5328184816303111,
    "4": 0,
    "40": 0.7547779524362913,
    "41": 0.6923331537858485,
    "42": 0.4106589964899616,
    "43": 0.7195760054844854,
    "44": 0.3657067739640455,
    "45": 0.36279912865817776,
    "46": 0.3402480030661431,
    "47": 0.3470952415770336,
    "48": 0.6982072902442252,
    "49": 0.3018078546884793,
    "5": 0,
    "50": 0.32682574731869485,
    "51": 0.8039439832050748,
    "52": 0,
    "53": 0,
    "54": 0,
    "55": 0,
    "56": 0,
    "57": 0,
    "58": 0,
    "59": 0,
    "6": 0,
    "60": 0,
    "61": 0,
    "62": 0.8059586117745914,
    "63": 0.7843643794848556,
    "64": 0,
    "65": 0.7860014813835202,
    "66": 0.7377067956548434,
    "67": 0.8035506264732049,
    "68": 0.6456498728517758,
    "69": 0.7887129070955919,
    "7": 0,
    "70": 0.7859941014161936,
    "71": 0.7549085405135113,
    "72": 0.7538315319810287,
    "73": 0.7662966387580314,
    "74": 0.5296113418105256,
    "75": 0.7859930240085988,
    "76": 0.7662994110451915,
    "77": 0.6337558529735531,
    "78": 0.7146387090031878,
    "79": 0.7466947294705204,
    "8": 0,
    "80": 0.6406725125071975,
    "81": 0.7374936334168994,
    "82": 0.7136053920320797,
    "83": 0.5353079489319733,
    "84": 0.734292324880003,
    "85": 0.7859998776741588,
    "86": 0.750464868957089,
    "87": 0.7208048660142875,
    "88": 0.5184119654818488,
    "89": 0.5258930029668871,
    "9": 0,
    "90": 0.7566111642411599,
    "91": 0.686339532767939,
    "92": 0.3909005634272951,
    "93": 0.6538774586575853,
    "94": 0.3840364648560904,
    "95": 0.37478403151662315,
    "96": 0.34034284361216555,
    "97": 0.34514927598355527,
    "98": 0.7016069198202369,
    "99": 0.3050594810401769
}