{
    "1": 0,
    "10": 0,
    "100": 0.32983149681645035,
    "11": 0,
    "12": 0.8121744756533725,
    "13": 0.781806233883198,
    "14": 0.6694445363062794,
    "15": 0.01,
    "16": 0.7515964452993577,
    "17": 0.8117913635640231,
    "18": 0.6720337677671049,
    "19": 0.8094855272579058,
    "2": 0,
    "20": 0.5433116721682381,
    "21": 0.7837331989164925,
    "22": 0.7650157634250009,
    "23": 0.811788203271574,
    "24": 0.42600185712200855,
    "25": 0.589230550418771,
    "26": 0.7922190542625804,
    "27": 0.4531439097583791,
    "28": 0.6537222854596113,
    "29": 0.7542187694402988,
    "3": 0,
    "30": 0.6822721378610247,
    "31": 0.7546228614985505,
    "32": 0.722979658812602,
    "33": 0.43256460225530696,
    "34": 0.7342871664457359,
    "35": 0.5530994108225523,
    "36": 0.754066326359698,
    "37": 0.7246833500487172,
    "38": 0.3895680128249009,
    "39": 0.5720900905646764,
    "4": 0,
    "40": 0.787415399627263,
    "41": 0.7081500113776297,
    "42": 0.3480566983400054,
    "43": 0.573454590459541,
    "44": 0.4392455885489207,
    "45": 0.4162239850296675,
    "46": 0.361293560528246,
    "47": 0.4768162304207126,
    "48": 0.7073715097160038,
    "49": 0.2172399873886607,
    "5": 0,
    "50": 0.3792788155241271,
    "51": 0.8082739747090053,
    "52": 0,
    "53": 0,
    "54": 0,
    "55": 0,
    "56": 0.8086960352660103,
    "57": 0,
    "58": 0,
    "59": 0,
    "6": 0,
    "60": 0,
    "61": 0,
    "62": 0.8118451242068104,
    "63": 0.78164493829257,
    "64": 0.7493083950768872,
    "65": 0.01,
    "66": 0.7545314109682866,
    "67": 0.8092222037058137,
    "68": 0.6728245395774661,
    "69": 0.8094974195302475,
    "7": 0,
    "70": 0.5770779327900937,
    "71": 0.7857227029786819,
    "72": 0.7725943751077803,
    "73": 0.8054426400001712,
    "74": 0.40729048077300734,
    "75": 0.5361815585390343,
    "76": 0.8054393271395793,
    "77": 0.4693318379207516,
    "78": 0.01,
    "79": 0.7715979883547311,
    "8": 0,
    "80": 0.7492945989449697,
    "81": 0.7676862861316593,
    "82": 0.7216597124452002,
    "83": 0.7232562504222608,
    "84": 0.7562029082317151,
    "85": 0.5402755247141751,
    "86": 0.7542173526099183,
    "87": 0.7523812290888846,
    "88": 0.5043586248390286,
    "89": 0.6219789135834161,
    "9": 0,
    "90": 0.7781013397411835,
    "91": 0.715186161227735,
    "92": 0.5326750410586721,
    "93": 0.557496328651791,
    "94": 0.36664545968439216,
    "95": 0.4715842123260287,
    "96": 0.3967387338184334,
    "97": 0.3425812122518707,
    "98": 0.6875189744106408,
    "99": 0.3490144223083976
}