{
    "1": -24.0,
    "10": -8,
    "11": -9.5,
    "12": -14,
    "13": -1,
    "14": -28,
    "15": -19,
    "16": -18,
    "17": -28,
    "18": -5,
    "19": -14,
    "2": -20,
    "20": -8,
    "21": -24.074074074074076,
    "22": -26.74296435272049,
    "23": -17,
    "24": -14,
    "25": -26,
    "26": -27,
    "27": -5,
    "28": -21,
    "29": -14,
    "3": -9,
    "30": -9.088235294117567,
    "31": -4.909469302809157,
    "32": -19,
    "33": -5,
    "34": -3.6256684491978035,
    "35": -29,
    "36": -29.690402476780037,
    "37": -13.409090909090992,
    "38": -23,
    "39": -20,
    "4": -1,
    "40": -10.96567862714528,
    "41": -3.744966442953057,
    "42": -9,
    "43": -12.7768687244332,
    "44": -27.83471074380148,
    "45": -15.360000000000127,
    "46": -24.395284327323164,
    "47": -34.54115421002838,
    "48": -86.24212241941325,
    "49": 0.0,
    "5": -28,
    "50": -10.291573525123567,
    "6": -16,
    "7": -50.8936170212766,
    "8": -19,
    "9": -7
}