{
    "1": -6.0,
    "10": -1.862068965517241,
    "11": -2.3602484472049685,
    "12": -2.96551724137931,
    "13": -0.26948775055679286,
    "14": -12.142857142857144,
    "15": -9.800904977375566,
    "16": -4.330985915492958,
    "17": -5.413669064748202,
    "18": -1.8509316770186335,
    "19": -2.544407894736842,
    "2": -5.384615384615384,
    "20": -3.443609022556391,
    "21": -5.374862183020949,
    "22": -7.01476377952757,
    "23": -3.267786124613345,
    "24": -8.147540983606557,
    "25": -11.958984375,
    "26": -5.088545897644192,
    "27": -2.535117056856187,
    "28": -7.306772908366534,
    "29": -3.597644141351519,
    "3": -3.044776119402985,
    "30": -3.1503823279523937,
    "31": -1.1254770992365457,
    "32": -6.4712116871956455,
    "33": -2.907730673316708,
    "34": -1.0066815144765988,
    "35": -12.511747116616831,
    "36": -6.485207100591683,
    "37": -3.4671890303624116,
    "38": -13.06127352823388,
    "39": -8.350769230769231,
    "4": -0.24022346368715083,
    "40": -2.4192049561177504,
    "41": -1.1313358864609258,
    "42": -5.35064935064935,
    "43": -5.33742426596254,
    "44": -14.664731494920083,
    "45": -9.014084507042329,
    "46": -15,
    "47": -20,
    "48": -26,
    "49": 0,
    "5": -17.043478260869566,
    "50": -6.206916764360867,
    "6": -3.958762886597938,
    "7": -13,
    "8": -10.587786259541984,
    "9": -4.336283185840708
}