{
    "1": 0,
    "10": 0,
    "100": 0.2953274353772111,
    "11": 0.7566347048556241,
    "12": 0.8045175283178253,
    "13": 0.784047467558037,
    "14": 0.6377630662288466,
    "15": 0.5019687856733998,
    "16": 0.7382737070305044,
    "17": 0.8076524204640927,
    "18": 0.6518456071506644,
    "19": 0.7849439464886231,
    "2": 0,
    "20": 0.5103631428648792,
    "21": 0.7567168760787772,
    "22": 0.7541469281696749,
    "23": 0.7662609112166883,
    "24": 0.5295680128528821,
    "25": 0.5045659227749073,
    "26": 0.7663086299087212,
    "27": 0.7569972573133552,
    "28": 0.5351836430964908,
    "29": 0.7498719511820926,
    "3": 0,
    "30": 0.6492843420013696,
    "31": 0.7375433687959659,
    "32": 0.7186426410565246,
    "33": 0.536468836177615,
    "34": 0.7254114920729074,
    "35": 0.5063508163264158,
    "36": 0.7467910066937248,
    "37": 0.7186459306856537,
    "38": 0.6583674139760654,
    "39": 0.5277977887083837,
    "4": 0,
    "40": 0.756094074854628,
    "41": 0.7054133303529058,
    "42": 0.406535616557598,
    "43": 0.36189914688300084,
    "44": 0.6774285285781414,
    "45": 0.306903333270205,
    "46": 0.7098812380252714,
    "47": 0.3500946272947354,
    "48": 0.701718226234608,
    "49": 0.301839573468654,
    "5": 0,
    "50": 0.3029281166547476,
    "51": 0.8051916299475705,
    "52": 0,
    "53": 0,
    "54": 0,
    "55": 0,
    "56": 0.8166305407933385,
    "57": 0,
    "58": 0,
    "59": 0,
    "6": 0,
    "60": 0,
    "61": 0.7546301973435422,
    "62": 0.7985107081631138,
    "63": 0.7839680861385129,
    "64": 0.6486865653919841,
    "65": 0.5057418759883422,
    "66": 0.7210523349164479,
    "67": 0.8060228929864421,
    "68": 0.665853358206761,
    "69": 0.7814894592119889,
    "7": 0,
    "70": 0.5108117048876426,
    "71": 0.7546357801930716,
    "72": 0.7541433877687593,
    "73": 0.7557961685100869,
    "74": 0.5329901783682875,
    "75": 0.5120250878568691,
    "76": 0.7662932924170563,
    "77": 0.40143801843939586,
    "78": 0.75119048703688,
    "79": 0.7498762931394161,
    "8": 0.503693003163814,
    "80": 0.6659526070489542,
    "81": 0.7385596897165592,
    "82": 0.7228965105074711,
    "83": 0.5832361486368761,
    "84": 0.7374636872352852,
    "85": 0.5069688059388087,
    "86": 0.7511463934796823,
    "87": 0.7257916742539634,
    "88": 0.7365532136300407,
    "89": 0.5255735140933588,
    "9": 0,
    "90": 0.7551642614824297,
    "91": 0.7120243689361416,
    "92": 0.40790920721779483,
    "93": 0.7217557420548794,
    "94": 0.4625616881656834,
    "95": 0.38353177046803744,
    "96": 0.7224381530502213,
    "97": 0.360985130892664,
    "98": 0.6894385647683666,
    "99": 0.3145591811300616
}