{
    "1": 0,
    "10": 0,
    "100": 0.2827011098365654,
    "11": 0.7575048909646948,
    "12": 0.7993989638257601,
    "13": 0.7773329128246894,
    "14": 0.6178322427316126,
    "15": 0.5120276169664149,
    "16": 0.7514071782946137,
    "17": 0.8120199583587958,
    "18": 0.664485441965358,
    "19": 0.8121922827196792,
    "2": 0,
    "20": 0.5040494917790563,
    "21": 0.7540796235090416,
    "22": 0.7547692262928304,
    "23": 0.7922103624122788,
    "24": 0.3900154441970396,
    "25": 0.511728983365213,
    "26": 0.8078351939851076,
    "27": 0.40883533969615443,
    "28": 0.5359771304373723,
    "29": 0.7542263772252913,
    "3": 0,
    "30": 0.66944251717983,
    "31": 0.7515524712086618,
    "32": 0.7327013140274943,
    "33": 0.566129569176572,
    "34": 0.7183330427904581,
    "35": 0.5116070905958606,
    "36": 0.7543015302901283,
    "37": 0.752475267487267,
    "38": 0.3488091111639088,
    "39": 0.4815265219692928,
    "4": 0,
    "40": 0.7772795678704152,
    "41": 0.7238599213618286,
    "42": 0.5329759489897419,
    "43": 0.6956856689982593,
    "44": 0.4676954389061762,
    "45": 0.31132904041750825,
    "46": 0.2612043400284303,
    "47": 0.4015528710632968,
    "48": 0.6960506391280186,
    "49": 0.38698608172989,
    "5": 0,
    "50": 0.3432875939535706,
    "51": 0.80840998505298,
    "52": 0,
    "53": 0,
    "54": 0,
    "55": 0,
    "56": 0.8065291371507758,
    "57": 0,
    "58": 0.511890985606726,
    "59": 0,
    "6": 0.8063030695682815,
    "60": 0.7998963879262923,
    "61": 0.7873605314342786,
    "62": 0.8117562683224919,
    "63": 0.771856370910569,
    "64": 0.6694434082240172,
    "65": 0.5040145688104782,
    "66": 0.7515982660124569,
    "67": 0.8119718418357504,
    "68": 0.6178640419625193,
    "69": 0.80945161398469,
    "7": 0,
    "70": 0.5120375473873646,
    "71": 0.7772953861834435,
    "72": 0.7561734341583187,
    "73": 0.8054430511306526,
    "74": 0.3898062425607474,
    "75": 0.5032413032058591,
    "76": 0.7910837443308512,
    "77": 0.4107602187088568,
    "78": 0.612145037787184,
    "79": 0.7542956270650865,
    "8": 0.51182244439693,
    "80": 0.6694268476442063,
    "81": 0.7332600319446299,
    "82": 0.5738716706820007,
    "83": 0.5072653915183261,
    "84": 0.7144514951660007,
    "85": 0.5024723460388292,
    "86": 0.7337278075986372,
    "87": 0.7522404155024502,
    "88": 0.5429741521231789,
    "89": 0.44442700903158266,
    "9": 0,
    "90": 0.7872978299907422,
    "91": 0.7201148982086969,
    "92": 0.33560567125942875,
    "93": 0.5301300049921577,
    "94": 0.4666685594873934,
    "95": 0.3166246880769938,
    "96": 0.26275107991265495,
    "97": 0.3227885685748364,
    "98": 0.7335276858191294,
    "99": 0.38385278491239844
}