{
    "1": 0,
    "10": 0,
    "100": 0.3563595733739869,
    "11": 0.7566347048556241,
    "12": 0.8110438725158078,
    "13": 0.784047467558037,
    "14": 0.01,
    "15": 0.5019687856733998,
    "16": 0.7382737070305044,
    "17": 0.8076524204640927,
    "18": 0.6695925470684462,
    "19": 0.815610927692769,
    "2": 0,
    "20": 0.5636755850525426,
    "21": 0.7835580610937651,
    "22": 0.7680869523686251,
    "23": 0.7662609112166883,
    "24": 0.01,
    "25": 0.5380459247549709,
    "26": 0.7663086299087212,
    "27": 0.7569972573133552,
    "28": 0.6700391753421772,
    "29": 0.7574307134737046,
    "3": 0,
    "30": 0.6492843420013696,
    "31": 0.7375433687959659,
    "32": 0.7186426410565246,
    "33": 0.4225501708003498,
    "34": 0.7221784654242767,
    "35": 0.5063508163264158,
    "36": 0.7467910066937248,
    "37": 0.7407861181801579,
    "38": 0.4498874075173822,
    "39": 0.5778417398834237,
    "4": 0,
    "40": 0.756094074854628,
    "41": 0.7030252017172841,
    "42": 0.31667848068337645,
    "43": 0.36189914688300084,
    "44": 0.3794479322702403,
    "45": 0.306903333270205,
    "46": 0.333581916671123,
    "47": 0.34930299478396065,
    "48": 0.6869460035960342,
    "49": 0.24876363456429118,
    "5": 0,
    "50": 0.3455127811376227,
    "51": 0.8051916299475705,
    "52": 0,
    "53": 0,
    "54": 0,
    "55": 0,
    "56": 1,
    "57": 0,
    "58": 0,
    "59": 0,
    "6": 0,
    "60": 0,
    "61": 1,
    "62": 1,
    "63": 0.7839680861385129,
    "64": 0.01,
    "65": 0.5057418759883422,
    "66": 1,
    "67": 0.8060228929864421,
    "68": 0.665853358206761,
    "69": 0.8191797069574105,
    "7": 0,
    "70": 0.5108117048876426,
    "71": 0.7789204039552899,
    "72": 0.7709131401217642,
    "73": 0.8107333268131952,
    "74": 0.4001983094786287,
    "75": 0.5580339438070709,
    "76": 0.7662932924170563,
    "77": 0.40143801843939586,
    "78": 0.6475121320981655,
    "79": 0.7666200656301628,
    "8": 0.503693003163814,
    "80": 0.6664957638373418,
    "81": 0.7385596897165592,
    "82": 0.664614994735306,
    "83": 0.38319791231488254,
    "84": 0.7293143733982552,
    "85": 0.5432227529159293,
    "86": 0.7781599064787539,
    "87": 0.7257916742539634,
    "88": 0.7365532136300407,
    "89": 0.5566117594155983,
    "9": 0,
    "90": 0.7551642614824297,
    "91": 0.7068488263444539,
    "92": 0.3645339833227124,
    "93": 0.586148848841493,
    "94": 0.4625616881656834,
    "95": 0.39736536438121184,
    "96": 0.3267390167403281,
    "97": 0.39794572877110895,
    "98": 0.7257330033019419,
    "99": 0.31604111252228334
}