{
    "1": 0,
    "10": 0,
    "100": 0.3258203265628609,
    "11": 1,
    "12": 1,
    "13": 0.7773329128246894,
    "14": 0.6178322427316126,
    "15": 0.01,
    "16": 0.7514071782946137,
    "17": 0.8120199583587958,
    "18": 0.664485441965358,
    "19": 0.823980110928697,
    "2": 0,
    "20": 0.5040494917790563,
    "21": 0.7805564151755111,
    "22": 0.7547692262928304,
    "23": 0.7922103624122788,
    "24": 0.3900154441970396,
    "25": 0.5465794490503106,
    "26": 0.8078351939851076,
    "27": 0.4517002565278048,
    "28": 0.6585599710265522,
    "29": 0.7542263772252913,
    "3": 0,
    "30": 0.01,
    "31": 0.7515524712086618,
    "32": 0.7327013140274943,
    "33": 0.3792315995200496,
    "34": 0.7183330427904581,
    "35": 0.5353834199326083,
    "36": 0.7543015302901283,
    "37": 0.752475267487267,
    "38": 0.3488091111639088,
    "39": 0.5687825377969833,
    "4": 0,
    "40": 0.7772795678704152,
    "41": 0.7238599213618286,
    "42": 0.32697373008014907,
    "43": 0.582816660690146,
    "44": 0.45338131983289653,
    "45": 0.31132904041750825,
    "46": 0.3856997115519735,
    "47": 0.3598718909638513,
    "48": 0.7130669502666496,
    "49": 0.38424302186733145,
    "5": 0,
    "50": 0.35678764529392193,
    "51": 0.80840998505298,
    "52": 0,
    "53": 0,
    "54": 0,
    "55": 0,
    "56": 1,
    "57": 0,
    "58": 0.01,
    "59": 0,
    "6": 1,
    "60": 1,
    "61": 0.7873605314342786,
    "62": 0.8117562683224919,
    "63": 1,
    "64": 0.6694434082240172,
    "65": 0.5040145688104782,
    "66": 0.7515982660124569,
    "67": 0.8119718418357504,
    "68": 0.6178640419625193,
    "69": 0.80945161398469,
    "7": 0,
    "70": 0.5120375473873646,
    "71": 0.7772953861834435,
    "72": 0.7634385514079106,
    "73": 0.8054430511306526,
    "74": 0.3898062425607474,
    "75": 0.5032413032058591,
    "76": 0.8090334401215455,
    "77": 0.47312165348163443,
    "78": 0.6697817336998584,
    "79": 0.7623165138059271,
    "8": 0.51182244439693,
    "80": 0.6694268476442063,
    "81": 0.7714106200512881,
    "82": 0.6642016427705144,
    "83": 0.438922657565361,
    "84": 0.7345002821348324,
    "85": 0.5024723460388292,
    "86": 0.7794735372132978,
    "87": 0.7522404155024502,
    "88": 0.48754253797946,
    "89": 0.44442700903158266,
    "9": 0,
    "90": 0.7872978299907422,
    "91": 0.6918430351081207,
    "92": 0.35502835333675675,
    "93": 0.5949852295708612,
    "94": 0.4666685594873934,
    "95": 0.42669896054825335,
    "96": 0.33285301716449,
    "97": 0.3679360826720924,
    "98": 0.7094226049720532,
    "99": 0.3581500480563898
}