{
    "1": 0,
    "10": 0,
    "100": 0.07546117930222467,
    "11": 0.6227429936210441,
    "12": 0.6412657540218433,
    "13": 0.5575656319273533,
    "14": 0.4937058931457713,
    "15": 0.2947963880219908,
    "16": 0.5580776571004742,
    "17": 0.641557979728509,
    "18": 0.4854641509080806,
    "19": 0.5879058662649257,
    "2": 0,
    "20": 0.29532731837918885,
    "21": 0.5223168328438441,
    "22": 0.5310723877970857,
    "23": 0.5713635678562718,
    "24": 0.10100132643222424,
    "25": 0.2959535902624065,
    "26": 0.6221962544165219,
    "27": 0.12286550511146714,
    "28": 0.4626415791702922,
    "29": 0.543945553459969,
    "3": 0,
    "30": 0.5104502377985127,
    "31": 0.5119534143840064,
    "32": 0.49162810660400635,
    "33": 0.10068905040139585,
    "34": 0.6213146472680477,
    "35": 0.2951963180275834,
    "36": 0.5418988962683254,
    "37": 0.5176044995310247,
    "38": -0.10010068787247124,
    "39": 0.3629264605669899,
    "4": 0,
    "40": 0.648259734180947,
    "41": 0.5812667624057382,
    "42": 0.3008785340503463,
    "43": 0.41313500124498187,
    "44": 0.11050707280430715,
    "45": 0.16980255543076805,
    "46": -0.07433247685634858,
    "47": 0.1812484971758392,
    "48": 0.5801786170646954,
    "49": -0.02493300572901681,
    "5": 0,
    "50": 0.005124196305580291,
    "51": 0.6407331783198222,
    "52": 0,
    "53": 0,
    "54": 0.5922998908708714,
    "55": 0,
    "56": 0.6417822476426891,
    "57": 0,
    "58": 0,
    "59": 0,
    "6": 0,
    "60": 0.5938319976293213,
    "61": 0,
    "62": 0.6305568285043917,
    "63": 0.6491279961220003,
    "64": 0.5150870463540745,
    "65": 0.27489648446068365,
    "66": 0.5580216870627911,
    "67": 0.6483584571242902,
    "68": 0.49733364653639345,
    "69": 0.5632185674090125,
    "7": 0,
    "70": 0.25926006848289557,
    "71": 0.5387319922390831,
    "72": 0.5111556998137181,
    "73": 0.5579880232969886,
    "74": 0.04321331987549099,
    "75": 0.14113811373694332,
    "76": 0.5611507281057947,
    "77": 0.05116979244638145,
    "78": 0.4564358936264574,
    "79": 0.544794102557836,
    "8": 0,
    "80": 0.4885988573276081,
    "81": 0.5071079990294837,
    "82": 0.6005054325943588,
    "83": 0.0533744258900427,
    "84": 0.5303528274456181,
    "85": 0.20100993164176006,
    "86": 0.5183229379208959,
    "87": 0.5417778209564348,
    "88": 0.4126112636085495,
    "89": 0.10051002089024895,
    "9": 0,
    "90": 0.5113836030405278,
    "91": 0.5666682618333886,
    "92": 0.050218700115035375,
    "93": 0.34872728868077957,
    "94": 0.13518305450322915,
    "95": 0.06354772209034681,
    "96": 0.17754964576168694,
    "97": 0.07272762147092046,
    "98": 0.5329142086634329,
    "99": 0.10082633111748271
}