{
    "1": 0,
    "10": 0,
    "100": 0.12180881442366147,
    "11": 0.6227429936210441,
    "12": 0.6412657540218433,
    "13": 0.5575656319273533,
    "14": 0.4937058931457713,
    "15": 0.2947963880219908,
    "16": 0.5580776571004742,
    "17": 0.641557979728509,
    "18": 0.4854641509080806,
    "19": 0.5603420979283659,
    "2": 0,
    "20": 0.29532731837918885,
    "21": 0.6150670306439121,
    "22": 0.564409636102792,
    "23": 0.5630198068730163,
    "24": 0.10100132643222424,
    "25": 0.2959535902624065,
    "26": 0.6482707302640446,
    "27": 0.22394534090825605,
    "28": 0.499275498236554,
    "29": 0.5648417793726657,
    "3": 0,
    "30": 0.5542945086111033,
    "31": 0.5376896334869452,
    "32": 0.5337283264743872,
    "33": 0.10068905040139585,
    "34": 0.6213146472680477,
    "35": 0.2951963180275834,
    "36": 0.5579408812186211,
    "37": 0.5417539726402696,
    "38": 0.20140218120388756,
    "39": 0.3629264605669899,
    "4": 0,
    "40": 0.648259734180947,
    "41": 0.5812667624057382,
    "42": 0.3008785340503463,
    "43": 0.10795366056320059,
    "44": 0.19662063395809778,
    "45": 0.16980255543076805,
    "46": 0.10061789371098681,
    "47": 0.2530931116550992,
    "48": 0.5801786170646954,
    "49": 0.22550528080648033,
    "5": 0,
    "50": 0.2098939364189899,
    "51": 0.6407331783198222,
    "52": 0,
    "53": 0,
    "54": 0.5922998908708714,
    "55": 0,
    "56": 0.6417822476426891,
    "57": 0,
    "58": 0,
    "59": 0,
    "6": 0,
    "60": 0.5938319976293213,
    "61": 0,
    "62": 0.6305568285043917,
    "63": 0.6491279961220003,
    "64": 0.5150870463540745,
    "65": 0.27489648446068365,
    "66": 0.5580216870627911,
    "67": 0.6483584571242902,
    "68": 0.4930035517495275,
    "69": 0.5632185674090125,
    "7": 0,
    "70": 0.27487086235368563,
    "71": 0.6255937662952271,
    "72": 0.5573429054064097,
    "73": 0.5579880232969886,
    "74": 0.10655007144741853,
    "75": 0.2706357875664973,
    "76": 0.563812336065053,
    "77": 0.21157111220924427,
    "78": 0.5890250877637204,
    "79": 0.5556391436214239,
    "8": 0,
    "80": 0.4930880695650571,
    "81": 0.5721633448408603,
    "82": 0.6005054325943588,
    "83": 0.09177606636295126,
    "84": 0.5663301287980896,
    "85": 0.2748945925059165,
    "86": 0.5623017242153652,
    "87": 0.5417778209564348,
    "88": 0.4126112636085495,
    "89": 0.10051002089024895,
    "9": 0,
    "90": 0.6224876932008739,
    "91": 0.6050571244324467,
    "92": 0.11645247062977214,
    "93": 0.39907391008593074,
    "94": 0.19703426283376532,
    "95": 0.10042337170132189,
    "96": 0.12068907305552495,
    "97": 0.39381559823408757,
    "98": 0.6106253524838297,
    "99": 0.12671428745479832
}