{
    "1": 0,
    "10": 0,
    "100": 0.2780668891089129,
    "11": 0.7561426150948333,
    "12": 0.8079092368997268,
    "13": 0.7951571077953189,
    "14": 0.6255663855480637,
    "15": 0.5118556719151052,
    "16": 0.751479609647173,
    "17": 0.808072808041679,
    "18": 0.6326811156787696,
    "19": 0.8060738926905892,
    "2": 0,
    "20": 0.5115119994284406,
    "21": 0.7859462471778232,
    "22": 0.7542345914065531,
    "23": 0.7937830839119936,
    "24": 0.40360941536319367,
    "25": 0.5119980442074623,
    "26": 0.7883176315736165,
    "27": 0.40052264527465664,
    "28": 0.6419422094229451,
    "29": 0.7531341415459956,
    "3": 0,
    "30": 0.6546854078594212,
    "31": 0.7167538551893549,
    "32": 0.7159200548480108,
    "33": 0.4033185988883592,
    "34": 0.7164010195392398,
    "35": 0.5119245748329466,
    "36": 0.7525162657272605,
    "37": 0.7184792178697111,
    "38": 0.3146171174157767,
    "39": 0.5390492336804644,
    "4": 0,
    "40": 0.7869224559220914,
    "41": 0.7247343256519757,
    "42": 0.4677608114588907,
    "43": 0.37934714108191386,
    "44": 0.35360199093461886,
    "45": 0.33422691068327054,
    "46": 0.26030439148434226,
    "47": 0.41372827243931815,
    "48": 0.7242180668683302,
    "49": 0.3858495006203019,
    "5": 0,
    "50": 0.35990769716259147,
    "51": 0.8083470540356557,
    "52": 0,
    "53": 0,
    "54": 0.8057635618750036,
    "55": 0,
    "56": 0.8087166495111485,
    "57": 0,
    "58": 0,
    "59": 0,
    "6": 0,
    "60": 0.8035513460963953,
    "61": 0,
    "62": 0.8012515053859512,
    "63": 0.7877683177380969,
    "64": 0.6365679338524818,
    "65": 0.507339485396526,
    "66": 0.7514438004457218,
    "67": 0.812115887261552,
    "68": 0.6277053094454788,
    "69": 0.8123823067527838,
    "7": 0,
    "70": 0.5073683946032336,
    "71": 0.7543865269135906,
    "72": 0.7535798030010953,
    "73": 0.8054460580687567,
    "74": 0.3958415526497183,
    "75": 0.410518364968221,
    "76": 0.7927250857498975,
    "77": 0.3449957770412025,
    "78": 0.7234926441188863,
    "79": 0.7542116773164412,
    "8": 0,
    "80": 0.6275942737989512,
    "81": 0.7169928685505,
    "82": 0.7312910123066372,
    "83": 0.3946630378120819,
    "84": 0.6892581469634841,
    "85": 0.5073437811030155,
    "86": 0.7408320399817566,
    "87": 0.7184822763399885,
    "88": 0.5429805034513933,
    "89": 0.3655817808437804,
    "9": 0,
    "90": 0.756005948800975,
    "91": 0.7306559488555934,
    "92": 0.34713335652175226,
    "93": 0.5308372404684356,
    "94": 0.35493985174052584,
    "95": 0.2663297433266459,
    "96": 0.2656567667258464,
    "97": 0.5261854295441952,
    "98": 0.6976646215116944,
    "99": 0.3440690971709392
}