{
    "1": -21,
    "10": -6,
    "11": -10,
    "12": -4,
    "13": -29,
    "14": -10,
    "15": -6,
    "16": -5,
    "17": -25,
    "18": -2,
    "19": -19,
    "2": -25,
    "20": -11,
    "21": -15,
    "22": -7,
    "23": -15,
    "24": -14.04918032786884,
    "25": -9,
    "26": -24,
    "27": -22,
    "28": -24,
    "29": -11,
    "3": -22,
    "30": -24,
    "31": -29,
    "32": -11,
    "33": -20.15960099750623,
    "34": -18,
    "35": -10,
    "36": -28,
    "37": 0,
    "38": -3.82218662394871,
    "39": -23,
    "4": -17,
    "40": -8,
    "41": -18,
    "42": -1.6709956709955804,
    "43": -8.72564859406566,
    "44": -7.9158200290276,
    "45": -0.9859154929577016,
    "46": -3.047074876343686,
    "47": -20.08216926869318,
    "48": -26,
    "49": -9.62604461011324,
    "5": -17.043478260869566,
    "50": -6.463657678779782,
    "6": -12,
    "7": -13,
    "8": -17,
    "9": -8.584070796460177
}