{
    "1": 4.0,
    "10": 4.296296296296297,
    "11": 4.025,
    "12": 4.72093023255814,
    "13": 3.7107438016528924,
    "14": 2.3058823529411763,
    "15": 1.9385964912280702,
    "16": 4.15609756097561,
    "17": 5.1720930232558135,
    "18": 2.7013422818791946,
    "19": 5.502262443438914,
    "2": 3.7142857142857144,
    "20": 2.3231441048034935,
    "21": 4.4790123456790125,
    "22": 3.8123827392120075,
    "23": 5.202298850574713,
    "24": 1.7183098591549295,
    "25": 2.1740976645435244,
    "26": 5.306034482758621,
    "27": 1.9722955145118735,
    "28": 2.8740458015267176,
    "29": 3.8914354644149576,
    "3": 2.9558823529411766,
    "30": 2.8848039215686274,
    "31": 4.362122788761707,
    "32": 2.9360807401177462,
    "33": 1.7195540308747856,
    "34": 3.6016042780748663,
    "35": 2.3178217821782177,
    "36": 4.578173374613003,
    "37": 3.867424242424242,
    "38": 1.7609308885754584,
    "39": 2.3949889462048635,
    "4": 4.162790697674419,
    "40": 4.532761310452418,
    "41": 3.3102162565249813,
    "42": 1.6820388349514563,
    "43": 2.393826701375976,
    "44": 1.8980716253443526,
    "45": 1.704,
    "46": 1.626352288488211,
    "47": 1.727057710501419,
    "48": 3.3170047084389713,
    "49": 1.597790585975024,
    "5": 1.6428571428571428,
    "50": 1.6580814462046847,
    "6": 4.041666666666667,
    "7": 3.9148936170212765,
    "8": 1.7945205479452055,
    "9": 1.6142857142857143
}