{
    "1": 1,
    "10": 2,
    "11": 2,
    "12": 0.8137233118121089,
    "13": 2,
    "14": 2,
    "15": 0.6076261767881772,
    "16": 2,
    "17": 0.8095035209633012,
    "18": 0.6968057170134492,
    "19": 0.8330351889097679,
    "2": 1,
    "20": 0.5403625628946229,
    "21": 0.7771892848066284,
    "22": 0.7754284453557915,
    "23": 0.8131236329363624,
    "24": 0.4375228270914001,
    "25": 0.5445417783026723,
    "26": 0.808724555505548,
    "27": 0.4498091563343684,
    "28": 0.6657051254144084,
    "29": 0.7549970746597179,
    "3": 1,
    "30": 0.6839490476505514,
    "31": 0.7680356838094303,
    "32": 0.6676500558247043,
    "33": 0.38237919984730045,
    "34": 0.7476968973460122,
    "35": 0.5883256044113632,
    "36": 0.7791612247633031,
    "37": 0.7363878183199133,
    "38": 0.45617232684441894,
    "39": 0.5763045005537007,
    "4": 2,
    "40": 0.7873228780129732,
    "41": 0.7071728045141652,
    "42": 0.33487144606636715,
    "43": 0.5929677086279553,
    "44": 0.38201364321287706,
    "45": 0.4159388928894066,
    "46": 0.29393166871714715,
    "47": 0.39782744874082043,
    "48": 0.7198289242996115,
    "49": 0.26735826954155295,
    "5": 1,
    "50": 0.35379217998974194,
    "6": 2,
    "7": 1,
    "8": 2,
    "9": 1
}