{
    "1": 0,
    "10": 0,
    "100": 0.3468596957188685,
    "11": 0.7565694386143056,
    "12": 0.8033332261765394,
    "13": 0.7814336120019157,
    "14": 0.01,
    "15": 0.5450857432697417,
    "16": 0.01,
    "17": 0.8046992717454678,
    "18": 0.6722489723449457,
    "19": 0.7887132587764534,
    "2": 0,
    "20": 0.5736567236022251,
    "21": 0.7778632023131455,
    "22": 0.7589749972089871,
    "23": 0.8148281857293916,
    "24": 0.42623357682339724,
    "25": 0.5503538777975168,
    "26": 0.8150908763569745,
    "27": 0.46010564080968863,
    "28": 0.6296879556559097,
    "29": 0.7504493416240678,
    "3": 0,
    "30": 0.6919024797485659,
    "31": 0.7377093863270673,
    "32": 0.7269218715476444,
    "33": 0.4082018101225351,
    "34": 0.7299026406308263,
    "35": 0.5440635178320097,
    "36": 0.7520565410968203,
    "37": 0.7328088856697942,
    "38": 0.4499037056438721,
    "39": 0.5742735072070894,
    "4": 0,
    "40": 0.7564223384060281,
    "41": 0.7089031498731491,
    "42": 0.40718772065862796,
    "43": 0.5493437035599477,
    "44": 0.42954513070501166,
    "45": 0.4300868561745279,
    "46": 0.32694918121506134,
    "47": 0.41629751500406564,
    "48": 0.7197573581955523,
    "49": 0.39563744035599063,
    "5": 0,
    "50": 0.4109112278171341,
    "51": 0.8034219265289273,
    "52": 0,
    "53": 0,
    "54": 0,
    "55": 0,
    "56": 0,
    "57": 0,
    "58": 0.01,
    "59": 0,
    "6": 0,
    "60": 0,
    "61": 0.756480797000492,
    "62": 0.8056638753016351,
    "63": 0.7819169203457814,
    "64": 0.01,
    "65": 0.01,
    "66": 0.7381947369706926,
    "67": 0.809554485287609,
    "68": 0.7154125232284644,
    "69": 0.7887252232359242,
    "7": 0,
    "70": 0.5665557964384884,
    "71": 0.7574383950886423,
    "72": 0.01,
    "73": 0.7662958835491521,
    "74": 0.39771403318615645,
    "75": 0.5539580321318216,
    "76": 0.7662674520301447,
    "77": 0.47672560199544173,
    "78": 0.670635325465403,
    "79": 0.7709809674404889,
    "8": 0,
    "80": 0.6457707243036269,
    "81": 0.7705448074242848,
    "82": 0.7166317689887894,
    "83": 0.3974106641878793,
    "84": 0.7381716710264077,
    "85": 0.5558227550246501,
    "86": 0.7504797013610174,
    "87": 0.7374785745785758,
    "88": 0.44848893115414173,
    "89": 0.5783495365067455,
    "9": 0,
    "90": 0.7823307250685543,
    "91": 0.7110686639036389,
    "92": 0.3685849963645264,
    "93": 0.5595725082890104,
    "94": 0.46167099814025025,
    "95": 0.41869670343171705,
    "96": 0.42661291565494236,
    "97": 0.375019866404762,
    "98": 0.7203122412263314,
    "99": 0.348369280094608
}