{
    "1": 0,
    "10": 0,
    "11": 0.757433590701774,
    "12": 0.8042674554391966,
    "13": 0.7788696959381229,
    "14": 0.666930517683965,
    "15": 0.01,
    "16": 0.7377180467056675,
    "17": 0.8065982888106558,
    "18": 0.6725946836956771,
    "19": 0.8046217241573078,
    "2": 0,
    "20": 0.5502218074342783,
    "21": 0.7572788495409157,
    "22": 0.7660269716304371,
    "23": 0.7844063328263714,
    "24": 0.4769687091705968,
    "25": 0.7860017095939371,
    "26": 0.7862936585344085,
    "27": 0.4693160384827111,
    "28": 0.6868659480381554,
    "29": 0.772753049756365,
    "3": 0,
    "30": 0.6569560378808654,
    "31": 0.7382185983318211,
    "32": 0.6746406043359339,
    "33": 0.48983473648263404,
    "34": 0.7608498531651415,
    "35": 0.5717001820476075,
    "36": 0.7518128403204636,
    "37": 0.7504188933642747,
    "38": 0.4992911802965442,
    "39": 0.580592970733391,
    "4": 0,
    "40": 0.7827724173758954,
    "41": 0.724097784011914,
    "42": 0.4357286699967858,
    "43": 0.571117154237386,
    "44": 0.4400431618040734,
    "45": 0.41487585588254583,
    "46": 0.3238534102630786,
    "47": 0.39574426343666114,
    "48": 0.6935431644475701,
    "49": 0.3176778998353018,
    "5": 0,
    "50": 0.3860445931240185,
    "6": 0.809114062589277,
    "7": 0,
    "8": 0.786003990527095,
    "9": 0
}