{
    "1": 0,
    "10": 0,
    "100": 0.37257508807618545,
    "11": 0.753955774263939,
    "12": 0.8118587717502409,
    "13": 0.7909216295182949,
    "14": 0,
    "15": 0.511762434594546,
    "16": 0.7524596014505512,
    "17": 0.8065677850752917,
    "18": 0.6694386419619198,
    "19": 0.8094730989290646,
    "2": 0,
    "20": 0.5087419427311344,
    "21": 0.7662168852885718,
    "22": 0.7580283292009953,
    "23": 0.7914752588104893,
    "24": 0.4317776859937697,
    "25": 0.5115811130297219,
    "26": 0.7981681393511125,
    "27": 0.4089579793314781,
    "28": 0.6947157829441185,
    "29": 0.7549582269106506,
    "3": 0,
    "30": 0.577787864482841,
    "31": 0.752472965636832,
    "32": 0.7234500352358043,
    "33": 0.3894455495791118,
    "34": 0.7214372643760718,
    "35": 0.5096158573935339,
    "36": 0.7542185921341639,
    "37": 0.7184424615965228,
    "38": 0.35450778676683037,
    "39": 0.5392601183877724,
    "4": 0,
    "40": 0.7874857826245346,
    "41": 0.7339738381521754,
    "42": 0.5321394469841033,
    "43": 0.6939357412754511,
    "44": 0.3393132892010119,
    "45": 0.33468531606945034,
    "46": 0.25571213286567634,
    "47": 0.41320191985072535,
    "48": 0.7144954523963262,
    "49": 0.25439386954836624,
    "5": 0,
    "50": 0.7081909082826671,
    "51": 0.8084429542048623,
    "52": 0,
    "53": 0,
    "54": 0,
    "55": 0,
    "56": 0.7984007153950984,
    "57": 0,
    "58": 0,
    "59": 0,
    "6": 0.8081059187412701,
    "60": 0.804114952720669,
    "61": 0,
    "62": 0.7984028805251085,
    "63": 0.7816840371190227,
    "64": 0.6642668745983025,
    "65": 0.5120040465360838,
    "66": 0.7318899323246167,
    "67": 0.798400337170601,
    "68": 0.4907105649366732,
    "69": 0.7948159439675861,
    "7": 0,
    "70": 0.5088426004551687,
    "71": 0.7584181099702711,
    "72": 0.7570321677079934,
    "73": 0.7922147694542176,
    "74": 0.3943065708360198,
    "75": 0.5087927069853628,
    "76": 0.7922214993930239,
    "77": 0.41080342915687756,
    "78": 0.6114667619659154,
    "79": 0.7528888845775181,
    "8": 0,
    "80": 0.6694388730003538,
    "81": 0.7369718475746485,
    "82": 0.7162587031067708,
    "83": 0.5014467324207074,
    "84": 0.7212265305833304,
    "85": 0.5032471509095355,
    "86": 0.7543049069556563,
    "87": 0.7184548674209217,
    "88": 0.5429688160429952,
    "89": 0.5391191109416045,
    "9": 0,
    "90": 0.7816661865917781,
    "91": 0.734074560692112,
    "92": 0.5347559279145311,
    "93": 0.5293831393004368,
    "94": 0.3129181462437253,
    "95": 0.31938067341259485,
    "96": 0.2512946673244937,
    "97": 0.32592959785729925,
    "98": 0.6999541098692881,
    "99": 0.4025776615466421
}