{
    "1": 0,
    "10": 0,
    "100": 0.38365171627628025,
    "11": 0.753955774263939,
    "12": 0.8118587717502409,
    "13": 0.7909216295182949,
    "14": 0,
    "15": 0.01,
    "16": 0.7524596014505512,
    "17": 0.8244279203597539,
    "18": 0.6694386419619198,
    "19": 0.8094730989290646,
    "2": 0,
    "20": 0.5087419427311344,
    "21": 0.7768129347046696,
    "22": 0.7580283292009953,
    "23": 0.8099188973171815,
    "24": 0.4317776859937697,
    "25": 0.5488676656239443,
    "26": 0.814480732915861,
    "27": 0.4764865104175441,
    "28": 0.6947157829441185,
    "29": 0.7660458020358648,
    "3": 0,
    "30": 0.577787864482841,
    "31": 0.752472965636832,
    "32": 0.7234500352358043,
    "33": 0.3894455495791118,
    "34": 0.7320814007584031,
    "35": 0.5661148593345582,
    "36": 0.7542185921341639,
    "37": 0.7155736494564241,
    "38": 0.44165964904925437,
    "39": 0.5392601183877724,
    "4": 0,
    "40": 0.7874857826245346,
    "41": 0.7339738381521754,
    "42": 0.3820518124139417,
    "43": 0.5769462931878627,
    "44": 0.4485973482468508,
    "45": 0.42489877656401204,
    "46": 0.38415323438282584,
    "47": 0.39238600213868646,
    "48": 0.7212075723961494,
    "49": 0.4064479463132257,
    "5": 0,
    "50": 0.42688794325735013,
    "51": 0.8084429542048623,
    "52": 0,
    "53": 0,
    "54": 0,
    "55": 0,
    "56": 0.7984007153950984,
    "57": 0,
    "58": 0,
    "59": 0,
    "6": 0.8081059187412701,
    "60": 0.804114952720669,
    "61": 0,
    "62": 1,
    "63": 0.7816840371190227,
    "64": 1,
    "65": 0.01,
    "66": 0.7318899323246167,
    "67": 0.8126387455282887,
    "68": 0.4907105649366732,
    "69": 0.8242589519770612,
    "7": 0,
    "70": 0.5832666136664856,
    "71": 0.7842030480219992,
    "72": 0.7646629647303256,
    "73": 0.7922147694542176,
    "74": 0.3943065708360198,
    "75": 0.5087927069853628,
    "76": 0.7922214993930239,
    "77": 0.48944571976726536,
    "78": 0.6114667619659154,
    "79": 0.7790854937726199,
    "8": 0,
    "80": 0.6694388730003538,
    "81": 0.7665821308315356,
    "82": 0.7162587031067708,
    "83": 0.4267765752127507,
    "84": 0.7336301322967442,
    "85": 0.5032471509095355,
    "86": 0.7543049069556563,
    "87": 0.7184548674209217,
    "88": 0.4969549859016672,
    "89": 0.5773025846466138,
    "9": 0,
    "90": 0.7836656192678092,
    "91": 0.734074560692112,
    "92": 0.42137547979040296,
    "93": 0.5293831393004368,
    "94": 1,
    "95": 0.4004499376453274,
    "96": 0.3806414926018881,
    "97": 0.3955158043632328,
    "98": 0.686781513858855,
    "99": 0.36496600683691355
}