{
    "1": 0,
    "10": 0,
    "100": 0.38358916340462856,
    "11": 0,
    "12": 0.8119527528513584,
    "13": 0.7773319864095868,
    "14": 0.6694360738795174,
    "15": 0.5116802418986243,
    "16": 0.7515141399191356,
    "17": 0.8121732830948355,
    "18": 0.6949228721843167,
    "19": 0.8155457080110503,
    "2": 0,
    "20": 0.5118728566229097,
    "21": 0.781449133759038,
    "22": 0.7582708657335122,
    "23": 0.7922081946888642,
    "24": 0.40215551293805374,
    "25": 0.5115374315630625,
    "26": 0.8097164662249098,
    "27": 0.40884127485823835,
    "28": 0.6717956878007965,
    "29": 0.7542645499359516,
    "3": 0,
    "30": 0.669442411311601,
    "31": 0.7556558799977324,
    "32": 0.7294040288687177,
    "33": 0.5929275534641382,
    "34": 0.7190216751692248,
    "35": 0.5117111167264398,
    "36": 0.7533067036674246,
    "37": 0.7524307574116054,
    "38": 0.5396458837540221,
    "39": 0.5454374599349612,
    "4": 0,
    "40": 0.7869320323262707,
    "41": 0.731453266998093,
    "42": 0.5326198237727158,
    "43": 0.537463706432308,
    "44": 0.38405959426720976,
    "45": 0.33424837513299543,
    "46": 0.25537887808126813,
    "47": 0.41294669440293846,
    "48": 0.7164410652212196,
    "49": 0.38699904515299993,
    "5": 0,
    "50": 0.3881287978268076,
    "51": 0,
    "52": 0,
    "53": 0,
    "54": 0,
    "55": 0,
    "56": 0.8118014955062131,
    "57": 0,
    "58": 0.5119756317648516,
    "59": 0,
    "6": 0,
    "60": 0,
    "61": 0,
    "62": 0.8118202944635322,
    "63": 0.7813381849604528,
    "64": 0.669424030012259,
    "65": 0.5118122235552941,
    "66": 0.7516064708379995,
    "67": 0.8119512554766051,
    "68": 0.6694390822349325,
    "69": 0.8128357094316507,
    "7": 0,
    "70": 0.5119112842151023,
    "71": 0.7773323361675896,
    "72": 0.7535617741854017,
    "73": 0.7922225128538721,
    "74": 0.4032539654787191,
    "75": 0.5099083153130403,
    "76": 0.8069560075587404,
    "77": 0.4108083375100115,
    "78": 0.671132577543543,
    "79": 0.7542655798533169,
    "8": 0,
    "80": 0.6694430964201367,
    "81": 0.7514510103950893,
    "82": 0.718314415894714,
    "83": 0.40420442179244775,
    "84": 0.7182406969875248,
    "85": 0.5119443282805372,
    "86": 0.7540624713322909,
    "87": 0.7523345458339363,
    "88": 0.5398078740862802,
    "89": 0.3824256458611931,
    "9": 0,
    "90": 0.7815082036526758,
    "91": 0.7169584636168886,
    "92": 0.3468646189485058,
    "93": 0.5374827094603244,
    "94": 0.34716956438871294,
    "95": 0.3167493799094071,
    "96": 0.26263651764667145,
    "97": 0.41481061696427557,
    "98": 0.733953694380195,
    "99": 0.36284373463728825
}