{
    "1": 0,
    "10": 0,
    "100": 0.3894199795182171,
    "11": 0,
    "12": 0.8119527528513584,
    "13": 0.7773319864095868,
    "14": 0.01,
    "15": 0.01,
    "16": 0.7515141399191356,
    "17": 0.8121732830948355,
    "18": 0.6949228721843167,
    "19": 0.8155457080110503,
    "2": 0,
    "20": 0.5369168520044454,
    "21": 0.7800589093482967,
    "22": 0.7733733532863217,
    "23": 0.813692549491451,
    "24": 0.3996550846766081,
    "25": 0.5453100022153169,
    "26": 0.8097164662249098,
    "27": 0.5122393306753356,
    "28": 0.6584039885482169,
    "29": 0.7542645499359516,
    "3": 0,
    "30": 0.669442411311601,
    "31": 0.7556558799977324,
    "32": 0.7294040288687177,
    "33": 0.4078996530959362,
    "34": 0.7190216751692248,
    "35": 0.5441837897154638,
    "36": 0.7533067036674246,
    "37": 0.7524307574116054,
    "38": 0.4527454820316878,
    "39": 0.5735331395834353,
    "4": 0,
    "40": 0.7869320323262707,
    "41": 0.731453266998093,
    "42": 0.3488448134946083,
    "43": 0.5485049678799733,
    "44": 0.36292107395681705,
    "45": 0.401634736487396,
    "46": 0.36398571410273767,
    "47": 0.3893025630348188,
    "48": 0.7290111743142758,
    "49": 0.3825972345507376,
    "5": 0,
    "50": 0.4174212730852957,
    "51": 0,
    "52": 0,
    "53": 0,
    "54": 0,
    "55": 0,
    "56": 0.8118014955062131,
    "57": 0,
    "58": 0.01,
    "59": 0,
    "6": 0,
    "60": 0,
    "61": 0,
    "62": 0.8118202944635322,
    "63": 0.7813381849604528,
    "64": 0.669424030012259,
    "65": 0.01,
    "66": 0.7516064708379995,
    "67": 0.8119512554766051,
    "68": 0.6694390822349325,
    "69": 0.8128357094316507,
    "7": 0,
    "70": 0.5620251606266548,
    "71": 0.7773323361675896,
    "72": 0.759327962131671,
    "73": 0.7922225128538721,
    "74": 0.41080354140320086,
    "75": 0.5535199840125555,
    "76": 0.8069560075587404,
    "77": 0.44671804166878065,
    "78": 0.6494160982888447,
    "79": 0.7593673610830195,
    "8": 0,
    "80": 0.6694430964201367,
    "81": 0.7656532733695474,
    "82": 0.718314415894714,
    "83": 0.4104731660507481,
    "84": 0.7244045891771629,
    "85": 0.5368272678700974,
    "86": 0.7540624713322909,
    "87": 0.7523345458339363,
    "88": 0.4939517471467359,
    "89": 0.6191930540875239,
    "9": 0,
    "90": 0.7826419077168849,
    "91": 0.719814602771987,
    "92": 0.3331949086619578,
    "93": 0.5567122655314202,
    "94": 0.4675526031621,
    "95": 0.4066762305997355,
    "96": 0.4051809961998962,
    "97": 0.41255453388299834,
    "98": 0.7133986382744636,
    "99": 0.3216062007703494
}