{
    "1": -21,
    "10": -1.862068965517241,
    "11": -1.9875776397515525,
    "12": -5.773399014778321,
    "13": -0.26948775055679286,
    "14": -12.142857142857144,
    "15": -9.800904977375566,
    "16": -5.457746478873227,
    "17": -2.6079136690647378,
    "18": -1.8509316770186335,
    "19": -5.307565789473674,
    "2": -5.384615384615384,
    "20": -3.443609022556391,
    "21": -2.7287761852260086,
    "22": -1.10925196850391,
    "23": -4.566946531153336,
    "24": -3.2295081967213366,
    "25": -11.958984375,
    "26": -0.11697806661251532,
    "27": -11.003344481605312,
    "28": -0.5737051792828674,
    "29": -1.2634841909485464,
    "3": -3.044776119402985,
    "30": -0.37213254035681625,
    "31": -2.90744274809153,
    "32": -1.8994557433398918,
    "33": -9.087281795511279,
    "34": -4.5256124721603594,
    "35": -12.511747116616831,
    "36": -5.673710904480108,
    "37": -6.640548481880467,
    "38": -9.733279935923017,
    "39": -9.412307692307966,
    "4": -0.24022346368715083,
    "40": -3.6066081569437145,
    "41": -2.388375760306355,
    "42": -12.190476190476147,
    "43": -1.5157682150069995,
    "44": -0.16545718432509451,
    "45": -1.8309859154930272,
    "46": -15,
    "47": -20,
    "48": -26,
    "49": 0,
    "5": -17.043478260869566,
    "50": -1,
    "6": -12,
    "7": -13,
    "8": -10.587786259541984,
    "9": -4.336283185840708
}