{
    "1": -84.0,
    "10": -8,
    "11": -8,
    "12": -27.255813953488357,
    "13": -1,
    "14": -28,
    "15": -19,
    "16": -22.68292682926824,
    "17": -13.488372093023202,
    "18": -5,
    "19": -29.20361990950221,
    "2": -20,
    "20": -8,
    "21": -12.222222222222172,
    "22": -4.228893058161248,
    "23": -23.758620689655174,
    "24": -5.549295774647931,
    "25": -26,
    "26": -0.6206896551724412,
    "27": -21.701846965699133,
    "28": -1.6488549618320576,
    "29": -4.916767189384814,
    "3": -9,
    "30": -1.073529411764639,
    "31": -12.682622268470027,
    "32": -5.576955424726293,
    "33": -15.62607204116648,
    "34": -16.299465240641723,
    "35": -29,
    "36": -25.975232198142294,
    "37": -25.681818181818016,
    "38": -17.1396332863186,
    "39": -22.542372881356584,
    "4": -1,
    "40": -16.347893915756572,
    "41": -7.906040268456309,
    "42": -20.504854368931966,
    "43": -3.628486426180757,
    "44": -0.31404958677683226,
    "45": -3.1200000000001182,
    "46": -24.395284327323164,
    "47": -34.54115421002838,
    "48": -86.24212241941325,
    "49": 0.0,
    "5": -28,
    "50": -1.6580814462046847,
    "6": -48.5,
    "7": -50.8936170212766,
    "8": -19,
    "9": -7
}