{
    "1": 0,
    "10": 0,
    "11": 0.7873004831639012,
    "12": 0.8081906030120097,
    "13": 0.7813271926594774,
    "14": 0.669440371558532,
    "15": 0.511730020141195,
    "16": 0.7556739312060761,
    "17": 0.8082070981578074,
    "18": 0.7492910900162805,
    "19": 0.8127860395840806,
    "2": 0,
    "20": 0.5118309626704515,
    "21": 0.7873194767489777,
    "22": 0.7535830103448609,
    "23": 0.7947805050554458,
    "24": 0.403344308564034,
    "25": 0.5120054552285546,
    "26": 0.8007602275229985,
    "27": 0.40885387925345457,
    "28": 0.6470465968360137,
    "29": 0.754236106189859,
    "3": 0,
    "30": 0.7492771092874445,
    "31": 0.7517254227805111,
    "32": 0.7232193933828259,
    "33": 0.506441063624677,
    "34": 0.7184183211969939,
    "35": 0.5117502177951367,
    "36": 0.7554999748083013,
    "37": 0.7184153907182151,
    "38": 0.35442336123133183,
    "39": 0.37965913341891644,
    "4": 0,
    "40": 0.7772939642470932,
    "41": 0.7338900756296991,
    "42": 0.5319216317249998,
    "43": 0.6940456960284288,
    "44": 0.467663442877914,
    "45": 0.371988848943239,
    "46": 0.25987901801386026,
    "47": 0.4127887802334142,
    "48": 0.7339217106908902,
    "49": 0.3437871791287303,
    "5": 0,
    "50": 0.3318230806186795,
    "6": 0,
    "7": 0,
    "8": 0.5119526514627148,
    "9": 0
}