{
    "1": 0,
    "10": 2,
    "11": 2,
    "12": 0.822252747198529,
    "13": 2,
    "14": 2,
    "15": 0.5948405706114975,
    "16": 0.7708973765204363,
    "17": 0.8216789793838709,
    "18": 0.6619559714509522,
    "19": 0.8186214597970836,
    "2": 0,
    "20": 0.5587449307779784,
    "21": 0.7782466627935959,
    "22": 0.7641188907608211,
    "23": 0.8183829461719502,
    "24": 0.4389397928248417,
    "25": 0.5667192127617575,
    "26": 0.8143039618229333,
    "27": 0.4928531756703455,
    "28": 0.6798555031514618,
    "29": 0.7591217780739117,
    "3": 0,
    "30": 0.6772189971599454,
    "31": 0.7748991981692541,
    "32": 0.6836027860578132,
    "33": 0.44106534472918,
    "34": 0.7345158300958388,
    "35": 0.5866134774071119,
    "36": 0.7767805871029151,
    "37": 0.7442116739428755,
    "38": 0.44394225471903515,
    "39": 0.5709957064033445,
    "4": 0,
    "40": 0.7803697326621213,
    "41": 0.7256159104752583,
    "42": 0.3733688430607852,
    "43": 0.36412403848126584,
    "44": 0.2876349624166215,
    "45": 0.47954186678310845,
    "46": 0.3468607482976303,
    "47": 0.3889118856773289,
    "48": 0.6802469714236764,
    "49": 0.4168836195946377,
    "5": 0,
    "50": 0.47946653587939025,
    "6": 2,
    "7": 0,
    "8": 2,
    "9": 0
}