{
    "1": 0,
    "10": 0,
    "100": 0.2965646879556212,
    "11": 0,
    "12": 0.8093218194650107,
    "13": 0.780578601233509,
    "14": 0,
    "15": 0.5050397182540167,
    "16": 0.7385980703783478,
    "17": 0.8068560902174083,
    "18": 0.6387656064559314,
    "19": 0.8075190365694606,
    "2": 0,
    "20": 0.5080937189897508,
    "21": 0.7548137703427572,
    "22": 0.7538472077760828,
    "23": 0.7662878636122106,
    "24": 0.532907392106244,
    "25": 0.5074368847261993,
    "26": 0.7662843989600191,
    "27": 0.40768427314740086,
    "28": 0.7146346409896975,
    "29": 0.7504632232687328,
    "3": 0,
    "30": 0.6522186536433574,
    "31": 0.7386708902193909,
    "32": 0.7331697666208367,
    "33": 0.5329545467115794,
    "34": 0.7283062029665214,
    "35": 0.5093038499946198,
    "36": 0.7509971072111545,
    "37": 0.7413581986419234,
    "38": 0.3369410490823393,
    "39": 0.5366570946543048,
    "4": 0,
    "40": 0.756369721094754,
    "41": 0.6919467556752714,
    "42": 0.37456241995767536,
    "43": 0.7215943435792158,
    "44": 0.30476003406903684,
    "45": 0.3138959682939808,
    "46": 0.3402144766752368,
    "47": 0.3509457278862883,
    "48": 0.7017718003977444,
    "49": 0.3014988353819936,
    "5": 0,
    "50": 0.30598239503956476,
    "51": 0.8046610687385091,
    "52": 0,
    "53": 0,
    "54": 0,
    "55": 0,
    "56": 0.7974760231388359,
    "57": 0,
    "58": 0,
    "59": 0,
    "6": 0,
    "60": 0,
    "61": 0,
    "62": 0.8068194389796252,
    "63": 0,
    "64": 0,
    "65": 0.5111298163938808,
    "66": 0.7382162968550345,
    "67": 0.8053193238268629,
    "68": 0.6377640451059675,
    "69": 0.8045162195268765,
    "7": 0,
    "70": 0.5119424173199075,
    "71": 0.7563735918736461,
    "72": 0.7449438283230905,
    "73": 0.7662668277082154,
    "74": 0.5328848134104348,
    "75": 0.5096529252553083,
    "76": 0.7662715379447641,
    "77": 0.4097342134144523,
    "78": 0.714642840416841,
    "79": 0.7504655757994404,
    "8": 0,
    "80": 0.6388948815051401,
    "81": 0.7381734395662523,
    "82": 0.7160731039793343,
    "83": 0.5341476740931569,
    "84": 0.7345552625031896,
    "85": 0.5119488582313871,
    "86": 0.751788057395365,
    "87": 0.7206337548515778,
    "88": 0.35091032568652897,
    "89": 0.5364347127598721,
    "9": 0,
    "90": 0.7547893627593703,
    "91": 0.6860329720036329,
    "92": 0.39598411869145167,
    "93": 0.567132518601936,
    "94": 0.34737724819184007,
    "95": 0.638876962770179,
    "96": 0.34019780134497457,
    "97": 0.3501430670460366,
    "98": 0.7016630067007488,
    "99": 0.31224104355577753
}