{
    "1": 0,
    "10": 0,
    "100": 0.40937131328600856,
    "11": 0,
    "12": 0.8093218194650107,
    "13": 0.780578601233509,
    "14": 0,
    "15": 0.01,
    "16": 0.7385980703783478,
    "17": 0.8068560902174083,
    "18": 0.6864077787652975,
    "19": 0.8075190365694606,
    "2": 0,
    "20": 0.5487785286650994,
    "21": 0.7896594864130587,
    "22": 0.7753148533077621,
    "23": 0.8154107142304325,
    "24": 0.4478468182273442,
    "25": 0.5642373944683828,
    "26": 0.816707742044975,
    "27": 0.4788215614603287,
    "28": 0.6736677701004368,
    "29": 0.7504632232687328,
    "3": 0,
    "30": 0.6666930594651342,
    "31": 0.7386708902193909,
    "32": 0.7331697666208367,
    "33": 0.44333963846407975,
    "34": 0.7283062029665214,
    "35": 0.5577224115492238,
    "36": 0.7509971072111545,
    "37": 0.7371712238798257,
    "38": 0.4195754770004537,
    "39": 0.5855367675655446,
    "4": 0,
    "40": 0.756369721094754,
    "41": 0.6977321759507374,
    "42": 0.40338442469067487,
    "43": 0.5768476703356147,
    "44": 0.4149632898466064,
    "45": 0.38801411363300975,
    "46": 0.31962749270903795,
    "47": 0.43556531667057097,
    "48": 0.7011088298804334,
    "49": 0.3807987688287113,
    "5": 0,
    "50": 0.3951071452175195,
    "51": 0.8046610687385091,
    "52": 0,
    "53": 0,
    "54": 0,
    "55": 0,
    "56": 0.01,
    "57": 0,
    "58": 0,
    "59": 0,
    "6": 0,
    "60": 0,
    "61": 0,
    "62": 0.8068194389796252,
    "63": 0,
    "64": 0,
    "65": 0.01,
    "66": 0.7382162968550345,
    "67": 0.8053193238268629,
    "68": 0.6752273376154253,
    "69": 0.8045162195268765,
    "7": 0,
    "70": 0.5759003260512693,
    "71": 0.7563735918736461,
    "72": 0.7625071089830214,
    "73": 0.7662668277082154,
    "74": 0.4455342843750582,
    "75": 0.5720980925574808,
    "76": 0.7662715379447641,
    "77": 0.4682154798234716,
    "78": 0.7154231993862648,
    "79": 0.7753855469107322,
    "8": 0,
    "80": 0.6388948815051401,
    "81": 0.7701528295897412,
    "82": 0.7160731039793343,
    "83": 0.4228144020669709,
    "84": 0.7379263598480093,
    "85": 0.5507349668294604,
    "86": 0.751788057395365,
    "87": 0.7206337548515778,
    "88": 0.47550299786837286,
    "89": 0.5902741637051284,
    "9": 0,
    "90": 0.7853357159907413,
    "91": 0.706019664967424,
    "92": 0.3775824646462531,
    "93": 0.5528050121435514,
    "94": 0.47460586533999466,
    "95": 0.4756736275286821,
    "96": 0.3630738992144586,
    "97": 0.39880665450323693,
    "98": 0.6907059681460263,
    "99": 0.3701044151198477
}