{
    "1": 0,
    "10": 0,
    "100": 0.39820566185629896,
    "11": 0.01,
    "12": 0.5750734349366461,
    "13": 0.39545517624568816,
    "14": 0.26100793593390675,
    "15": 0.01,
    "16": 0.01,
    "17": 0.4657202566730949,
    "18": 0.3893222531014677,
    "19": 0.5330916697253272,
    "2": 0,
    "20": 0.3077041746254082,
    "21": 0.39139553868370813,
    "22": 0.4419716141473544,
    "23": 0.5497464821824422,
    "24": 0.3366149765914671,
    "25": 0.3067301724424618,
    "26": 0.5272740884054345,
    "27": 0.2155501317006534,
    "28": 0.28391111231287847,
    "29": 0.45472073906321414,
    "3": 0,
    "30": 0.37680146163311157,
    "31": 0.4376389702786874,
    "32": 0.37864322606068124,
    "33": 0.3191073585835187,
    "34": 0.4423576249566403,
    "35": 0.3072762791188804,
    "36": 0.5497706607820431,
    "37": 0.4174044825969448,
    "38": 0.1954819431161701,
    "39": 0.3151599935924207,
    "4": 0,
    "40": 0.3947750673392948,
    "41": 0.39054039618342506,
    "42": 0.23568852551733804,
    "43": 0.39663692046732557,
    "44": 0.21882176197818964,
    "45": 0.2144361536390855,
    "46": 0.18471029696333166,
    "47": 0.3615504414394362,
    "48": 0.32260415829433065,
    "49": 0.01,
    "5": 0,
    "50": 0.20329304587962085,
    "51": 0.46643246049943055,
    "52": 0,
    "53": 0,
    "54": 0,
    "55": 0,
    "56": 0,
    "57": 0,
    "58": 0,
    "59": 0,
    "6": 0,
    "60": 0,
    "61": 0.01,
    "62": 0.01,
    "63": 0.01,
    "64": 0.26099475398585137,
    "65": 0.307698117170205,
    "66": 0.46683245092386844,
    "67": 0.4657791416543578,
    "68": 0.2609948140676553,
    "69": 0.5038328552729323,
    "7": 0,
    "70": 0.3602208619330232,
    "71": 0.39463528741106024,
    "72": 0.44165175122634426,
    "73": 0.5272549797438194,
    "74": 0.31992460424025493,
    "75": 0.4113899185568888,
    "76": 0.5285540105777646,
    "77": 0.2157345057664049,
    "78": 0.30429487929199384,
    "79": 0.4462715422999024,
    "8": 0.01,
    "80": 0.33160708830974667,
    "81": 0.43762181492492647,
    "82": 0.324052861449441,
    "83": 0.33591522514724886,
    "84": 0.3917859251690542,
    "85": 0.307337045721135,
    "86": 0.42635966547926385,
    "87": 0.41732051735365233,
    "88": 0.3732342964315241,
    "89": 0.22268824528630213,
    "9": 0,
    "90": 0.5177968161365513,
    "91": 0.3358268334396833,
    "92": 0.3878704875368738,
    "93": 0.01,
    "94": 0.3208347828993611,
    "95": 0.4193152624515368,
    "96": 0.3169296843285355,
    "97": 0.28547355728627455,
    "98": 0.3722430582095804,
    "99": 0.2698741518771282
}