{
    "1": 0,
    "10": 0,
    "100": 0.3986968687751557,
    "11": 0.787390963261675,
    "12": 0.8087270377987672,
    "13": 0.01,
    "14": 0.01,
    "15": 0.5119382067544861,
    "16": 0.7524866092682643,
    "17": 0.8152911519155654,
    "18": 0.6694460946707657,
    "19": 0.8234307739490818,
    "2": 0,
    "20": 0.5517019017613354,
    "21": 0.7772268087394374,
    "22": 0.7758454403659989,
    "23": 0.7922226209539664,
    "24": 0.4178980847112969,
    "25": 0.546236425615579,
    "26": 0.8124575836385612,
    "27": 0.4749484932718105,
    "28": 0.6597617033329637,
    "29": 0.01,
    "3": 0,
    "30": 0.6939950730654514,
    "31": 0.7514720478924123,
    "32": 0.6914824265498639,
    "33": 0.45168747318732483,
    "34": 0.718285887324773,
    "35": 0.5450642180811889,
    "36": 0.7554946958829664,
    "37": 0.7332512188596021,
    "38": 0.45699295723691136,
    "39": 0.4830676909302791,
    "4": 0,
    "40": 0.7873020611995832,
    "41": 0.6939552173115098,
    "42": 0.34547482561087806,
    "43": 0.6949241072466533,
    "44": 0.468130257051303,
    "45": 0.44838770512777837,
    "46": 0.3256306040212442,
    "47": 0.44229162039859937,
    "48": 0.7114923697927312,
    "49": 0.33931611118203175,
    "5": 0,
    "50": 0.31322909935281107,
    "51": 0.8080927488424707,
    "52": 0,
    "53": 0,
    "54": 0,
    "55": 0,
    "56": 0,
    "57": 0,
    "58": 0,
    "59": 0,
    "6": 0,
    "60": 0,
    "61": 0.7874895410821484,
    "62": 0.8082631947153606,
    "63": 0.7814367339686592,
    "64": 0.01,
    "65": 0.01,
    "66": 0.7516325599905592,
    "67": 0.805795969763131,
    "68": 0.6759151706735097,
    "69": 0.815541323317015,
    "7": 0,
    "70": 0.5120165915217507,
    "71": 0.782338793419346,
    "72": 0.7610194121099738,
    "73": 0.7922238786916139,
    "74": 0.44876072599730904,
    "75": 0.5119153414987683,
    "76": 0.8045710877720069,
    "77": 0.4663178768855381,
    "78": 0.6747211348255061,
    "79": 0.7621980622099493,
    "8": 0.5115097735277705,
    "80": 0.6694337975467191,
    "81": 0.765345926506041,
    "82": 0.6478819305507956,
    "83": 0.4246809611259907,
    "84": 0.7437336409297549,
    "85": 0.5559371846783391,
    "86": 0.7555128675298541,
    "87": 0.7288218299813337,
    "88": 0.41871263456231717,
    "89": 0.5627127261030513,
    "9": 0,
    "90": 0.7864904241249768,
    "91": 0.6645930550705689,
    "92": 0.4602225873898247,
    "93": 0.5902097567500093,
    "94": 0.48341855466324957,
    "95": 0.40953041325601586,
    "96": 0.382085558928572,
    "97": 0.4072731802202773,
    "98": 0.7103493278007276,
    "99": 0.34123808249324256
}