{
    "1": 0,
    "10": 0,
    "100": 0.3056042686355188,
    "11": 0.7547655382462725,
    "12": 0.8050110896538126,
    "13": 0.7683600616947094,
    "14": 0,
    "15": 0.5035598164444903,
    "16": 0.7376966772701473,
    "17": 0.8051410210924433,
    "18": 0.6389578374141953,
    "19": 0.804610181128082,
    "2": 0,
    "20": 0.5034994668086984,
    "21": 0.7548140993319806,
    "22": 0.7538535879000962,
    "23": 0.7662626404455943,
    "24": 0.5364844551545825,
    "25": 0.5078769017536435,
    "26": 0.7662746551304849,
    "27": 0.41166644516947587,
    "28": 0.7214895366918245,
    "29": 0.750463474204616,
    "3": 0,
    "30": 0.6417914714464397,
    "31": 0.7376096032203067,
    "32": 0.7144457129336637,
    "33": 0.5295951604443786,
    "34": 0.7378978867529193,
    "35": 0.5097464767217149,
    "36": 0.7466802767843339,
    "37": 0.7516342922425294,
    "38": 0.47574378078475105,
    "39": 0.5354898821443443,
    "4": 0,
    "40": 0.7551679943185639,
    "41": 0.7046920438569829,
    "42": 0.40652535621707864,
    "43": 0.7194344034204755,
    "44": 0.41352229827293085,
    "45": 0.7105548770013678,
    "46": 0.3507792616834658,
    "47": 0.3504183630790654,
    "48": 0.7030021600208951,
    "49": 0.3049951241421898,
    "5": 0,
    "50": 0.32770769776181174,
    "51": 0.804817343035126,
    "52": 0,
    "53": 0,
    "54": 0,
    "55": 0,
    "56": 0,
    "57": 0,
    "58": 0,
    "59": 0,
    "6": 0,
    "60": 0,
    "61": 0.7565573026292151,
    "62": 0,
    "63": 0.775262038236316,
    "64": 0.6458384978257632,
    "65": 0.5050270341070866,
    "66": 0.7382648878447298,
    "67": 0.8093676044571058,
    "68": 0.6457812564826362,
    "69": 0.8044620433913263,
    "7": 0,
    "70": 0.5075703455775092,
    "71": 0.757322945519665,
    "72": 0.7537892364190795,
    "73": 0.766278353863236,
    "74": 0.5850865071607305,
    "75": 0.5082054151144524,
    "76": 0.7662930147678684,
    "77": 0.4116186799797103,
    "78": 0.71270748476965,
    "79": 0.7504654564581259,
    "8": 0,
    "80": 0.6367084780740315,
    "81": 0.7382677852462777,
    "82": 0.7375651350757663,
    "83": 0.5827160049659139,
    "84": 0.729253970634073,
    "85": 0.5045382291402377,
    "86": 0.7504817285382634,
    "87": 0.7356750717975525,
    "88": 0.35104648176782843,
    "89": 0.5276181742755134,
    "9": 0,
    "90": 0.7563696820599547,
    "91": 0.6879546208953892,
    "92": 0.3742248661874365,
    "93": 0.725190617245634,
    "94": 0.3144428464637707,
    "95": 0.3154084439099903,
    "96": 0.3402589607111572,
    "97": 0.3502695412625076,
    "98": 0.7020362839556689,
    "99": 0.3034253590663718
}