{
    "1": 0,
    "10": 0,
    "100": 0.317255183742805,
    "11": 0.7547655382462725,
    "12": 0.8050110896538126,
    "13": 0.7683600616947094,
    "14": 0,
    "15": 0.5390558535743137,
    "16": 0.7376966772701473,
    "17": 0.8051410210924433,
    "18": 0.6809537754361314,
    "19": 0.804610181128082,
    "2": 0,
    "20": 0.5290967707602174,
    "21": 0.784139549662791,
    "22": 0.7689445055587234,
    "23": 0.7662626404455943,
    "24": 0.4078282997877804,
    "25": 0.549037684631616,
    "26": 0.8045135503304266,
    "27": 0.43086514921932767,
    "28": 0.6691329762781081,
    "29": 0.750463474204616,
    "3": 0,
    "30": 0.6862561091094441,
    "31": 0.7376096032203067,
    "32": 0.7144457129336637,
    "33": 0.36939520870517645,
    "34": 0.7378978867529193,
    "35": 0.5506956343489552,
    "36": 0.7466802767843339,
    "37": 0.7264060006799922,
    "38": 0.39354266439904356,
    "39": 0.5831917710566757,
    "4": 0,
    "40": 0.7551679943185639,
    "41": 0.7287110501881653,
    "42": 0.37727287426536266,
    "43": 0.5487737567962345,
    "44": 0.4148599358152798,
    "45": 0.431704722147556,
    "46": 0.3071843620136804,
    "47": 0.3801713756588896,
    "48": 0.7019192851948884,
    "49": 0.3334258739662036,
    "5": 0,
    "50": 0.3061518689957379,
    "51": 0.804817343035126,
    "52": 0,
    "53": 0,
    "54": 0,
    "55": 0,
    "56": 0,
    "57": 0,
    "58": 0,
    "59": 0,
    "6": 0,
    "60": 0,
    "61": 0.7565573026292151,
    "62": 0,
    "63": 0.775262038236316,
    "64": 0.01,
    "65": 0.01,
    "66": 0.7382648878447298,
    "67": 0.8093676044571058,
    "68": 0.6851682232064463,
    "69": 0.8044620433913263,
    "7": 0,
    "70": 0.5430668664084947,
    "71": 0.757322945519665,
    "72": 0.7674470284772253,
    "73": 0.766278353863236,
    "74": 0.43929134420775245,
    "75": 0.5398365190885119,
    "76": 0.7662930147678684,
    "77": 0.5038490674609966,
    "78": 0.6595578649838941,
    "79": 0.7730155253294185,
    "8": 0,
    "80": 0.6784082749338268,
    "81": 0.7730715573385133,
    "82": 0.7375651350757663,
    "83": 0.4118003093189985,
    "84": 0.7352535976531783,
    "85": 0.5368866148194188,
    "86": 0.7504817285382634,
    "87": 0.7356750717975525,
    "88": 0.475282726177865,
    "89": 0.5670742394636271,
    "9": 0,
    "90": 0.7799396527215672,
    "91": 0.7006255347228642,
    "92": 0.39222683425529653,
    "93": 0.5748224947785497,
    "94": 0.42790798679254216,
    "95": 0.38899170639205927,
    "96": 0.3531375403235024,
    "97": 0.4066321578736035,
    "98": 0.6956493892202584,
    "99": 0.35044261588577286
}