{
    "1": 0,
    "10": 0,
    "11": 0.7565758107977555,
    "12": 0.8188974053468173,
    "13": 0.7841843651572579,
    "14": 0.7540175034059621,
    "15": 0.7860009719351061,
    "16": 0.7382538477925781,
    "17": 0.8057198751567158,
    "18": 0.6619559714509522,
    "19": 0.7939780386147747,
    "2": 0,
    "20": 0.7987269327931547,
    "21": 0.7551723977662771,
    "22": 0.7333866005734252,
    "23": 0.7899035105526161,
    "24": 0.5414457254398485,
    "25": 0.7860052007244599,
    "26": 0.7565742536868654,
    "27": 0.6668916960099783,
    "28": 0.7385173603032462,
    "29": 0.7489609431004084,
    "3": 0,
    "30": 0.656931675634567,
    "31": 0.7389219012953384,
    "32": 0.7398509106115939,
    "33": 0.5414846951610236,
    "34": 0.728348142279314,
    "35": 0.7982461994138572,
    "36": 0.746787682750844,
    "37": 0.7351799672681955,
    "38": 0.5415103786982515,
    "39": 0.5420276593767641,
    "4": 0,
    "40": 0.7540090073687005,
    "41": 0.6861262396893356,
    "42": 0.5215658087307754,
    "43": 0.6129338866109808,
    "44": 0.6979026100957685,
    "45": 0.3133065506761405,
    "46": 0.34020262773343135,
    "47": 0.35120697305677817,
    "48": 0.7013290868868742,
    "49": 0.3116063460108958,
    "5": 0,
    "50": 0.6879228464824042,
    "6": 0.8096363664069814,
    "7": 0,
    "8": 0.7844778943078573,
    "9": 0
}