{
    "1": 0,
    "10": 0,
    "11": 0.7565758107977555,
    "12": 1,
    "13": 0.7841843651572579,
    "14": 0.7540175034059621,
    "15": 0.7860009719351061,
    "16": 0.7382538477925781,
    "17": 0.8057198751567158,
    "18": 0.6985737669642491,
    "19": 0.8226857667855039,
    "2": 0,
    "20": 0.5580670813040166,
    "21": 0.7804276108290104,
    "22": 0.7816051683646015,
    "23": 0.7899035105526161,
    "24": 0.38951924186827724,
    "25": 0.7860052007244599,
    "26": 0.8168667720730894,
    "27": 0.6668916960099783,
    "28": 0.7385173603032462,
    "29": 0.7637115272424106,
    "3": 0,
    "30": 0.656931675634567,
    "31": 0.7389219012953384,
    "32": 0.6823675592363413,
    "33": 0.44740801886354703,
    "34": 0.7357474981727262,
    "35": 0.5714062927800481,
    "36": 0.746787682750844,
    "37": 0.7351799672681955,
    "38": 0.45953016705092675,
    "39": 0.5755061242104443,
    "4": 0,
    "40": 0.7815770004292719,
    "41": 0.7056457070215265,
    "42": 0.3806145333657079,
    "43": 0.547504757443837,
    "44": 0.45290300697268904,
    "45": 0.3133065506761405,
    "46": 0.36561407464515,
    "47": 0.41224120034950096,
    "48": 0.6879968294580172,
    "49": 0.32940143985988607,
    "5": 0,
    "50": 0.3340973156929083,
    "6": 0.8096363664069814,
    "7": 0,
    "8": 0.7844778943078573,
    "9": 0
}