{
    "1": 0,
    "10": 0,
    "100": 0,
    "11": 0,
    "12": 0,
    "13": 0,
    "14": 0,
    "15": 0,
    "16": 0,
    "17": 0,
    "18": 0,
    "19": 0,
    "2": 22.6,
    "20": 0,
    "21": 21.7,
    "22": 108.9,
    "23": 0,
    "24": 0,
    "25": 50.3,
    "26": 26.6,
    "27": 0,
    "28": 141.3,
    "29": 175.0,
    "3": 0,
    "30": 0,
    "31": 0,
    "32": 0,
    "33": 0,
    "34": 0,
    "35": 48.8,
    "36": 24.299999999999997,
    "37": 110.3,
    "38": 0,
    "39": 0,
    "4": 0,
    "40": 0,
    "41": 63.599999999999994,
    "42": 0,
    "43": 184.8,
    "44": 156.2,
    "45": 45.2,
    "46": 242.39999999999998,
    "47": 155.3,
    "48": 0,
    "49": 213.1,
    "5": 0,
    "50": 107.0,
    "51": 0,
    "52": 0,
    "53": 0,
    "54": 0,
    "55": 0,
    "56": 0,
    "57": 0,
    "58": 0,
    "59": 0,
    "6": 0,
    "60": 0,
    "61": 0,
    "62": 0,
    "63": 0,
    "64": 0,
    "65": 0,
    "66": 0,
    "67": 0,
    "68": 0,
    "69": 23.7,
    "7": 0,
    "70": 0,
    "71": 0,
    "72": 120.9,
    "73": 0,
    "74": 206.6,
    "75": 0,
    "76": 0,
    "77": 46.6,
    "78": 0,
    "79": 166.0,
    "8": 0,
    "80": 0,
    "81": 0,
    "82": 184.5,
    "83": 0,
    "84": 0,
    "85": 0,
    "86": 23.299999999999997,
    "87": 103.3,
    "88": 0,
    "89": 104.3,
    "9": 0,
    "90": 0,
    "91": 57.599999999999994,
    "92": 202.5,
    "93": 185.8,
    "94": 163.2,
    "95": 52.2,
    "96": 247.39999999999998,
    "97": 175.3,
    "98": 127.5,
    "99": 0
}