{
    "1": 0,
    "10": 0,
    "100": 318.5,
    "11": 0,
    "12": 160.7,
    "13": 71.9,
    "14": 0,
    "15": 51.4,
    "16": 0,
    "17": 0,
    "18": 0,
    "19": 97.6,
    "2": 0,
    "20": 0,
    "21": 24.7,
    "22": 352.5,
    "23": 0,
    "24": 0,
    "25": 53.3,
    "26": 0,
    "27": 107.7,
    "28": 0,
    "29": 0,
    "3": 0,
    "30": 222.7,
    "31": 120.9,
    "32": 0,
    "33": 0,
    "34": 120.7,
    "35": 167.1,
    "36": 51.2,
    "37": 0,
    "38": 0,
    "39": 109.3,
    "4": 0,
    "40": 54.599999999999994,
    "41": 272.4,
    "42": 1997.5,
    "43": 400.2,
    "44": 0,
    "45": 224.4,
    "46": 854.5,
    "47": 1185.1,
    "48": 230.0,
    "49": 202.1,
    "5": 0,
    "50": 1187.5,
    "51": 0,
    "52": 0,
    "53": 0,
    "54": 0,
    "55": 0,
    "56": 40.0,
    "57": 0,
    "58": 0,
    "59": 0,
    "6": 0,
    "60": 0,
    "61": 0,
    "62": 25.6,
    "63": 74.9,
    "64": 0,
    "65": 0,
    "66": 23.7,
    "67": 0,
    "68": 0,
    "69": 0,
    "7": 0,
    "70": 0,
    "71": 132.0,
    "72": 126.9,
    "73": 0,
    "74": 449.7,
    "75": 162.6,
    "76": 55.9,
    "77": 67.6,
    "78": 147.3,
    "79": 0,
    "8": 0,
    "80": 234.7,
    "81": 46.900000000000006,
    "82": 0,
    "83": 523.1,
    "84": 119.7,
    "85": 117.1,
    "86": 50.2,
    "87": 111.3,
    "88": 111.80000000000001,
    "89": 308.2,
    "9": 0,
    "90": 67.6,
    "91": 0,
    "92": 457.5,
    "93": 0,
    "94": 0,
    "95": 50.2,
    "96": 228.39999999999998,
    "97": 182.3,
    "98": 438.0,
    "99": 1188.5
}