{
    "1": 0,
    "10": 0,
    "100": 455.0,
    "11": 0,
    "12": 24.6,
    "13": 76.9,
    "14": 0,
    "15": 52.4,
    "16": 0,
    "17": 110.4,
    "18": 132.4,
    "19": 83.6,
    "2": 0,
    "20": 48.0,
    "21": 52.0,
    "22": 542.4,
    "23": 57.900000000000006,
    "24": 236.1,
    "25": 160.6,
    "26": 104.5,
    "27": 70.1,
    "28": 604.9,
    "29": 399.1,
    "3": 0,
    "30": 221.7,
    "31": 60.900000000000006,
    "32": 790.0,
    "33": 269.0,
    "34": 218.7,
    "35": 163.4,
    "36": 49.2,
    "37": 419.8,
    "38": 94.7,
    "39": 438.4,
    "4": 0,
    "40": 52.599999999999994,
    "41": 169.4,
    "42": 229.0,
    "43": 815.6,
    "44": 143.1,
    "45": 55.599999999999994,
    "46": 492.5,
    "47": 811.1,
    "48": 491.5,
    "49": 438.29999999999995,
    "5": 0,
    "50": 185.5,
    "51": 0,
    "52": 0,
    "53": 0,
    "54": 0,
    "55": 0,
    "56": 26.9,
    "57": 0,
    "58": 0,
    "59": 0,
    "6": 0,
    "60": 0,
    "61": 0,
    "62": 34.6,
    "63": 66.9,
    "64": 0,
    "65": 0,
    "66": 0,
    "67": 51.400000000000006,
    "68": 136.4,
    "69": 168.6,
    "7": 0,
    "70": 52.0,
    "71": 47.0,
    "72": 427.5,
    "73": 55.900000000000006,
    "74": 238.1,
    "75": 52.3,
    "76": 53.9,
    "77": 48.1,
    "78": 341.9,
    "79": 671.1,
    "8": 0,
    "80": 606.9,
    "81": 106.80000000000001,
    "82": 548.5,
    "83": 255.0,
    "84": 374.4,
    "85": 49.3,
    "86": 49.2,
    "87": 251.8,
    "88": 57.7,
    "89": 789.4,
    "9": 0,
    "90": 62.599999999999994,
    "91": 157.4,
    "92": 253.0,
    "93": 1781.2,
    "94": 461.3,
    "95": 109.8,
    "96": 533.5,
    "97": 409.1,
    "98": 1428.5,
    "99": 430.29999999999995
}