{
    "1": 0,
    "10": 0,
    "100": 197.5,
    "11": 0,
    "12": 0,
    "13": 0,
    "14": 113.2,
    "15": 55.4,
    "16": 0,
    "17": 0,
    "18": 114.4,
    "19": 0,
    "2": 0,
    "20": 53.0,
    "21": 45.0,
    "22": 208.5,
    "23": 59.900000000000006,
    "24": 272.1,
    "25": 54.3,
    "26": 0,
    "27": 53.1,
    "28": 176.6,
    "29": 0,
    "3": 0,
    "30": 223.7,
    "31": 0,
    "32": 0,
    "33": 257.0,
    "34": 0,
    "35": 147.6,
    "36": 0,
    "37": 449.6,
    "38": 45.7,
    "39": 110.9,
    "4": 0,
    "40": 0,
    "41": 0,
    "42": 251.0,
    "43": 441.2,
    "44": 297.3,
    "45": 50.599999999999994,
    "46": 415.5,
    "47": 395.1,
    "48": 426.5,
    "49": 519.3,
    "5": 0,
    "50": 218.5,
    "51": 0,
    "52": 0,
    "53": 0,
    "54": 0,
    "55": 0,
    "56": 0,
    "57": 0,
    "58": 0,
    "59": 0,
    "6": 0,
    "60": 0,
    "61": 0,
    "62": 0,
    "63": 0,
    "64": 131.2,
    "65": 0,
    "66": 0,
    "67": 0,
    "68": 119.4,
    "69": 0,
    "7": 0,
    "70": 55.0,
    "71": 0,
    "72": 464.4,
    "73": 0,
    "74": 248.1,
    "75": 54.3,
    "76": 0,
    "77": 54.1,
    "78": 183.6,
    "79": 733.2,
    "8": 0,
    "80": 116.5,
    "81": 101.80000000000001,
    "82": 0,
    "83": 237.0,
    "84": 122.7,
    "85": 51.3,
    "86": 0,
    "87": 429.8,
    "88": 57.7,
    "89": 231.2,
    "9": 0,
    "90": 59.599999999999994,
    "91": 400.8,
    "92": 493.5,
    "93": 426.2,
    "94": 0,
    "95": 116.8,
    "96": 518.5,
    "97": 395.1,
    "98": 431.5,
    "99": 466.29999999999995
}