{
    "1": 0,
    "10": 0,
    "100": 0.21951886279996954,
    "11": 0.3948643216737933,
    "12": 0.46604213180322496,
    "13": 0.39545517624568816,
    "14": 0.26100793593390675,
    "15": 0.30657606555023625,
    "16": 0.42252435921970316,
    "17": 0.4657202566730949,
    "18": 0.2609791544201606,
    "19": 0.5330916697253272,
    "2": 0,
    "20": 0.3077041746254082,
    "21": 0.39139553868370813,
    "22": 0.4419716141473544,
    "23": 0.5272582997644478,
    "24": 0.3366149765914671,
    "25": 0.3067301724424618,
    "26": 0.5272740884054345,
    "27": 0.2155501317006534,
    "28": 0.28391111231287847,
    "29": 0.45472073906321414,
    "3": 0,
    "30": 0.2916311104594899,
    "31": 0.4376389702786874,
    "32": 0.37864322606068124,
    "33": 0.3191073585835187,
    "34": 0.3914064168357986,
    "35": 0.3072762791188804,
    "36": 0.4262539979556928,
    "37": 0.4174044825969448,
    "38": 0.1954819431161701,
    "39": 0.2471387792406528,
    "4": 0,
    "40": 0.3947750673392948,
    "41": 0.3626581416162796,
    "42": 0.23568852551733804,
    "43": 0.2552016187127496,
    "44": 0.21882176197818964,
    "45": 0.2144361536390855,
    "46": 0.18471029696333166,
    "47": 0.22542154625433067,
    "48": 0.278302273952135,
    "49": 0.22921692649408298,
    "5": 0,
    "50": 0.20329304587962085,
    "51": 0.46643246049943055,
    "52": 0,
    "53": 0,
    "54": 0,
    "55": 0,
    "56": 0,
    "57": 0,
    "58": 0,
    "59": 0,
    "6": 0,
    "60": 0,
    "61": 0.3949896458094102,
    "62": 0.46673417020284824,
    "63": 0.3953972747562587,
    "64": 0.26099475398585137,
    "65": 0.307698117170205,
    "66": 0.4251487763878742,
    "67": 0.4657791416543578,
    "68": 0.2609948140676553,
    "69": 0.5038328552729323,
    "7": 0,
    "70": 0.30648322878993955,
    "71": 0.39463528741106024,
    "72": 0.44165175122634426,
    "73": 0.5272549797438194,
    "74": 0.31992460424025493,
    "75": 0.3069830224016258,
    "76": 0.5285540105777646,
    "77": 0.2157345057664049,
    "78": 0.30429487929199384,
    "79": 0.4462715422999024,
    "8": 0.30662426837181944,
    "80": 0.261148471117477,
    "81": 0.43762181492492647,
    "82": 0.29324194065665016,
    "83": 0.33591522514724886,
    "84": 0.3917859251690542,
    "85": 0.307337045721135,
    "86": 0.42635966547926385,
    "87": 0.41732051735365233,
    "88": 0.19545650055188457,
    "89": 0.22268824528630213,
    "9": 0,
    "90": 0.3953256943330844,
    "91": 0.3358268334396833,
    "92": 0.22089620451362005,
    "93": 0.25780330219686975,
    "94": 0.22790598337359222,
    "95": 0.19380906656667765,
    "96": 0.20971923234334441,
    "97": 0.2189143370801434,
    "98": 0.3259139781316655,
    "99": 0.19862477626383732
}