{
    "1": 0,
    "10": 0,
    "11": 0,
    "12": 0,
    "13": 2,
    "14": 0,
    "15": 0,
    "16": 0.7739958967468248,
    "17": 0.823265895738544,
    "18": 2,
    "19": 0.8215309736198214,
    "2": 0,
    "20": 0,
    "21": 0.7855845323490706,
    "22": 0.7682426780006114,
    "23": 0.8163348643422786,
    "24": 0.5467029057711135,
    "25": 0.5649660005923752,
    "26": 0.8073598213578966,
    "27": 0.47570592455427335,
    "28": 0.6694811478410959,
    "29": 0.7616353339014185,
    "3": 0,
    "30": 0.6742674818558667,
    "31": 0.7877932772166365,
    "32": 0.6535869834192969,
    "33": 0.41810643310612877,
    "34": 0.7306452992394095,
    "35": 0.5580275963528132,
    "36": 0.7768498852236663,
    "37": 0.7341468664530898,
    "38": 0.46727583939831974,
    "39": 0.6194224903018618,
    "4": 0,
    "40": 0.7757852556724942,
    "41": 0.6859851172612709,
    "42": 0.3947530404902409,
    "43": 0.5781721764743735,
    "44": 0.38109643053619174,
    "45": 0.48314923821952693,
    "46": 0.37445249311661455,
    "47": 0.4223074432202234,
    "48": 0.6889056436262031,
    "49": 0.4191640304779986,
    "5": 0,
    "50": 0.45092316781117747,
    "6": 0,
    "7": 0,
    "8": 0,
    "9": 0
}