{
    "1": 0,
    "10": 0,
    "11": 0.7874141664762407,
    "12": 0.812204713420163,
    "13": 0.7877709069500408,
    "14": 0,
    "15": 0.5118936130551998,
    "16": 0.7514743806662767,
    "17": 0.8083734269914851,
    "18": 0.6694424483938257,
    "19": 0.8086007668129132,
    "2": 0,
    "20": 0.5117274292247301,
    "21": 0.781553140094238,
    "22": 0.7535554117197256,
    "23": 0.8007589720600506,
    "24": 0.4015304333730949,
    "25": 0.5117774548566673,
    "26": 0.7947831630819516,
    "27": 0.48045530391243674,
    "28": 0.6676060700533627,
    "29": 0.7561034466212497,
    "3": 0,
    "30": 0.6795827006412457,
    "31": 0.7545189522227354,
    "32": 0.7385130597531083,
    "33": 0.504823406247327,
    "34": 0.7187746685591807,
    "35": 0.5115878965929114,
    "36": 0.7554805187126652,
    "37": 0.7523308168823332,
    "38": 0.4536467519540945,
    "39": 0.5597801969293914,
    "4": 0,
    "40": 0.772689972484402,
    "41": 0.7177845823213913,
    "42": 0.01,
    "43": 0.6893717564759662,
    "44": 0.44605527254413846,
    "45": 0.3257036994496198,
    "46": 0.34255813741615154,
    "47": 0.41952547990069705,
    "48": 0.7339672108586126,
    "49": 0.31288315083488183,
    "5": 0,
    "50": 0.43579188556960263,
    "6": 0,
    "7": 0,
    "8": 0.511814409332542,
    "9": 0
}