{
    "1": 0,
    "10": 0,
    "100": 0.36353581638709953,
    "11": 0.7815568382573416,
    "12": 0.8087005994280426,
    "13": 0.7772780319128028,
    "14": 0,
    "15": 0.5115667152742355,
    "16": 0.7546099290663285,
    "17": 0.8120075417434138,
    "18": 0.6694431353321768,
    "19": 0.8128308188211172,
    "2": 0,
    "20": 0.509735948760566,
    "21": 0.7872489543653852,
    "22": 0.7578860359099039,
    "23": 0.7947805341879824,
    "24": 0.4036675192811069,
    "25": 0.5119120758698122,
    "26": 0.7947795151493128,
    "27": 0.40891465908679414,
    "28": 0.7364797805923898,
    "29": 0.7542767081699049,
    "3": 0,
    "30": 0.6694444905830668,
    "31": 0.75550967563239,
    "32": 0.7376980954381005,
    "33": 0.40386921735080783,
    "34": 0.7235758306847754,
    "35": 0.5119914356006159,
    "36": 0.7538333052593876,
    "37": 0.7523354464573913,
    "38": 0.5385469530452857,
    "39": 0.38122081913917233,
    "4": 0,
    "40": 0.777601994223809,
    "41": 0.7188626622803307,
    "42": 0.5324909334116105,
    "43": 0.5870912044930948,
    "44": 0.33449081881845083,
    "45": 0.3351362788624162,
    "46": 0.26177220893921094,
    "47": 0.4128417904600795,
    "48": 0.7183121385553974,
    "49": 0.38262468837704366,
    "5": 0,
    "50": 0.38261539293262564,
    "51": 0.8079722291959075,
    "52": 0,
    "53": 0,
    "54": 0,
    "55": 0,
    "56": 0,
    "57": 0,
    "58": 0.5118395627516502,
    "59": 0,
    "6": 0,
    "60": 0,
    "61": 0.7864885249458077,
    "62": 0.8119717939836292,
    "63": 0.781739182021793,
    "64": 0.6694470922941904,
    "65": 0.5113231376705782,
    "66": 0.7555648785117802,
    "67": 0.80925884146164,
    "68": 0.6694375490538951,
    "69": 0.8095044859330581,
    "7": 0,
    "70": 0.5119217976780471,
    "71": 0.7713754659292117,
    "72": 0.7535719917295636,
    "73": 0.7954437545260815,
    "74": 0.40348959816486674,
    "75": 0.5110476087493516,
    "76": 0.7947834289379009,
    "77": 0.4107846432976148,
    "78": 0.6469164187629165,
    "79": 0.7542437805860822,
    "8": 0,
    "80": 0.6694301410100861,
    "81": 0.7546483759254012,
    "82": 0.7342452142911974,
    "83": 0.40321221371312005,
    "84": 0.7232283445746104,
    "85": 0.5119923614781782,
    "86": 0.7538222399555274,
    "87": 0.7522070989216465,
    "88": 0.35397220002297713,
    "89": 0.538597111383315,
    "9": 0,
    "90": 0.7772220275515964,
    "91": 0.7209043346446786,
    "92": 0.47149136684658155,
    "93": 0.5975173023458469,
    "94": 0.4140035793210821,
    "95": 0.34347656134882826,
    "96": 0.2669622416241342,
    "97": 0.3472822319162303,
    "98": 0.7256329160453062,
    "99": 0.40348846585975506
}