{
    "1": 0,
    "10": 0,
    "100": 0.37631413344869946,
    "11": 0.01,
    "12": 0.8087005994280426,
    "13": 0.7772780319128028,
    "14": 0,
    "15": 0.5476808724479183,
    "16": 0.7693484069110571,
    "17": 0.8120075417434138,
    "18": 0.6694431353321768,
    "19": 0.8128308188211172,
    "2": 0,
    "20": 0.532296894254301,
    "21": 0.7854097131670835,
    "22": 0.7621417068296831,
    "23": 0.8077072683175034,
    "24": 0.40387451968495675,
    "25": 0.5410120421455159,
    "26": 0.7947795151493128,
    "27": 0.45085503085542517,
    "28": 0.6793471386954862,
    "29": 0.7542767081699049,
    "3": 0,
    "30": 0.6694444905830668,
    "31": 0.75550967563239,
    "32": 0.7376980954381005,
    "33": 0.42672538101847296,
    "34": 0.7244062360152738,
    "35": 0.5479189415519702,
    "36": 0.7538333052593876,
    "37": 0.7398787390359326,
    "38": 0.4297203451778871,
    "39": 0.606781232650894,
    "4": 0,
    "40": 0.777601994223809,
    "41": 0.6748692962914362,
    "42": 0.4104486581052553,
    "43": 0.5661750395879318,
    "44": 0.41162296029990136,
    "45": 0.38624926085436995,
    "46": 0.29958567675832826,
    "47": 0.3970811803094845,
    "48": 0.6883848542389719,
    "49": 0.37043938739149773,
    "5": 0,
    "50": 0.35651366587907707,
    "51": 0.8079722291959075,
    "52": 0,
    "53": 0,
    "54": 0,
    "55": 0,
    "56": 0,
    "57": 0,
    "58": 0.01,
    "59": 0,
    "6": 0,
    "60": 0,
    "61": 0.7864885249458077,
    "62": 0.8119717939836292,
    "63": 0.781739182021793,
    "64": 0.6694470922941904,
    "65": 0.5395294889194291,
    "66": 0.7633562481866396,
    "67": 0.80925884146164,
    "68": 0.6809250652061338,
    "69": 0.8095044859330581,
    "7": 0,
    "70": 0.570394092305958,
    "71": 0.7713754659292117,
    "72": 0.7638825432128883,
    "73": 0.7954437545260815,
    "74": 0.4186983152241835,
    "75": 0.549128313869056,
    "76": 0.7947834289379009,
    "77": 0.5102137242439959,
    "78": 0.6359449772756842,
    "79": 0.7620079404084421,
    "8": 0,
    "80": 0.6697786242245584,
    "81": 0.7687438548793057,
    "82": 0.7342452142911974,
    "83": 0.4472454321341772,
    "84": 0.7257533549973787,
    "85": 0.5522565624167028,
    "86": 0.7538222399555274,
    "87": 0.7522070989216465,
    "88": 0.5124547415639561,
    "89": 0.5877081279177878,
    "9": 0,
    "90": 0.7717016432083021,
    "91": 0.7205859306368757,
    "92": 0.32084465204253576,
    "93": 0.5935648908684604,
    "94": 0.40173525902495083,
    "95": 0.43065010924699243,
    "96": 0.3479404171996122,
    "97": 0.4576473321321737,
    "98": 0.7125219876476228,
    "99": 0.38462581110641464
}