{
    "1": 0,
    "10": 0,
    "100": 0.4396046457800817,
    "11": 0,
    "12": -1,
    "13": -1,
    "14": -1,
    "15": -1,
    "16": 0,
    "17": 0.8116521694169572,
    "18": 0.6748854010347788,
    "19": 0.8211143925255411,
    "2": 0,
    "20": 0.5572493003420778,
    "21": 0.7838651994913771,
    "22": 0.7619330550038466,
    "23": 0.8099976272657624,
    "24": 0.40873118799469704,
    "25": 0.5550485347600974,
    "26": 0.8150604729088938,
    "27": 0.45998168006638757,
    "28": 0.6519712236868097,
    "29": 0.7589230934744683,
    "3": 0,
    "30": 0.6801636365058851,
    "31": 0.7609493324806953,
    "32": 0.655440867727153,
    "33": 0.4679224228333443,
    "34": 0.7620274103760746,
    "35": 0.5587763503417311,
    "36": 0.7784775289113381,
    "37": 0.7198001136862447,
    "38": 0.42493084687382604,
    "39": 0.5562255139626494,
    "4": 0,
    "40": 0.7829454235087967,
    "41": 0.7239361579170475,
    "42": 0.32327877864097676,
    "43": 0.5947977951288985,
    "44": 0.45471170408251227,
    "45": 0.4226165593690045,
    "46": 0.3089438016031835,
    "47": 0.40870499329871457,
    "48": 0.7030307574301223,
    "49": 0.4156609892501423,
    "5": 0,
    "50": 0.36162745426513615,
    "51": 0,
    "52": 0,
    "53": 0,
    "54": 0,
    "55": 0,
    "56": 0,
    "57": 0,
    "58": 0,
    "59": 0,
    "6": 0,
    "60": 0,
    "61": 0,
    "62": 0.8174981987426616,
    "63": -1,
    "64": -1,
    "65": -1,
    "66": 0,
    "67": 0.8219815433817791,
    "68": 0.6794147095256456,
    "69": 0.8218139247377574,
    "7": 0,
    "70": 0.5615114929075334,
    "71": 0.7737030603133329,
    "72": 0.7614964068746581,
    "73": 0.8121435686029074,
    "74": 0.4342907966549303,
    "75": 0.5604258473132029,
    "76": 0.8168262386090873,
    "77": 0.45857311306881815,
    "78": 0.6597683210316696,
    "79": 0.7667708526638976,
    "8": 0,
    "80": 0.6664369658115774,
    "81": 0.7692828427883798,
    "82": 0.6562980064763014,
    "83": 0.39919964070995356,
    "84": 0.7468316283513359,
    "85": 0.5364110347934454,
    "86": 0.777357336704193,
    "87": 0.7285321183360762,
    "88": 0.53074007343859,
    "89": 0.561789451555677,
    "9": 0,
    "90": 0.7846736308287893,
    "91": 0.704408991575058,
    "92": 0.38357185980730807,
    "93": 0.572392821501734,
    "94": 0.4864680258375715,
    "95": 0.45342256114525453,
    "96": 0.36893492344052475,
    "97": 0.40246697220674255,
    "98": 0.7041965483561738,
    "99": 0.3008537256556165
}