{
    "1": -21,
    "10": -6,
    "11": -10,
    "12": -4,
    "13": -29,
    "14": -10,
    "15": -6,
    "16": -5,
    "17": -25,
    "18": -2,
    "19": -19,
    "2": -25,
    "20": -11,
    "21": -15,
    "22": -7,
    "23": -15,
    "24": -2,
    "25": -9,
    "26": -24,
    "27": -22,
    "28": -24,
    "29": -11,
    "3": -22,
    "30": -24,
    "31": -29,
    "32": -11,
    "33": -4,
    "34": -18,
    "35": -10,
    "36": -28,
    "37": 0,
    "38": -8.291549859831775,
    "39": -23.627692307692314,
    "4": -17,
    "40": -8,
    "41": -13.039423293534583,
    "42": -24.354978354978357,
    "43": -22.418362591269442,
    "44": -6.914368650217739,
    "45": -2.957746478873105,
    "46": -9.73989425209038,
    "47": -15.505341002464775,
    "48": -22.71525673572978,
    "49": -13.50568147658305,
    "5": -4,
    "50": -26.42086752637806,
    "6": -12,
    "7": -13,
    "8": -17,
    "9": -20
}