{
    "1": 0,
    "10": 0,
    "11": 0.43674104760846627,
    "12": 0.46539292038380364,
    "13": 0.4410975422791142,
    "14": 0.2609864308600042,
    "15": 0.30683039773087945,
    "16": 0.424319818743701,
    "17": 0.4657680808623816,
    "18": 0.2612728440065887,
    "19": 0.5323337736374756,
    "2": 0,
    "20": 0.3070107115140965,
    "21": 0.3948072755851842,
    "22": 0.4694617961486728,
    "23": 0.5278507518105784,
    "24": 0.33647598380101035,
    "25": 0.30593169155682287,
    "26": 0.5272887623183806,
    "27": 0.21394003420111066,
    "28": 0.2831669044453682,
    "29": 0.45476237396650876,
    "3": 0,
    "30": 0.26097613295865896,
    "31": 0.4259352917869414,
    "32": 0.320725666839104,
    "33": 0.33626332506747686,
    "34": 0.3921689911803526,
    "35": 0.3067641699085493,
    "36": 0.4342107809737692,
    "37": 0.3853205119644861,
    "38": 0.2220020186659829,
    "39": 0.30044322557023156,
    "4": 0,
    "40": 0.391860112186605,
    "41": 0.31939316759308756,
    "42": 0.2603468126222173,
    "43": 0.25334186442090095,
    "44": 0.2600969505518358,
    "45": 0.19958338792130906,
    "46": 0.17710479677565372,
    "47": 0.24933057986194554,
    "48": 0.2792649781394495,
    "49": 0.20564670074923716,
    "5": 0,
    "50": 0.18261785747047185,
    "6": 0,
    "7": 0.5658782683717734,
    "8": 0.3065591026111339,
    "9": 0
}