{
    "1": 0,
    "10": 0,
    "11": 0.43674104760846627,
    "12": 0.01,
    "13": 0.4410975422791142,
    "14": 0.01,
    "15": 0.01,
    "16": 0.424319818743701,
    "17": 0.4657680808623816,
    "18": 0.4010172679905156,
    "19": 0.5323337736374756,
    "2": 0,
    "20": 0.46728773868640916,
    "21": 0.3948072755851842,
    "22": 0.49536064706040256,
    "23": 0.5524608249743481,
    "24": 0.33647598380101035,
    "25": 0.3855037105374728,
    "26": 0.5272887623183806,
    "27": 0.21394003420111066,
    "28": 0.36875129304686616,
    "29": 0.45476237396650876,
    "3": 0,
    "30": 0.3391672259560509,
    "31": 0.534744072859193,
    "32": 0.3574231109703962,
    "33": 0.3896368395787009,
    "34": 0.43983433768413477,
    "35": 0.43433900675261755,
    "36": 0.01,
    "37": 0.4004874866668664,
    "38": 0.43933767404674157,
    "39": 0.41844586005561285,
    "4": 0,
    "40": 0.5403788229738643,
    "41": 0.4141490585172827,
    "42": 0.2593569631593492,
    "43": 0.31343259339617435,
    "44": 0.37744889576621526,
    "45": 0.364813923604695,
    "46": 0.3225957208938748,
    "47": 0.41582482098238716,
    "48": 0.3384936810248475,
    "49": 0.3432736907264188,
    "5": 0,
    "50": 0.3936531497158395,
    "6": 0,
    "7": 0.5658782683717734,
    "8": 0.01,
    "9": 0
}