{
    "1": 0,
    "10": 0,
    "100": 0.40233105611365483,
    "11": 0.7873463423728773,
    "12": 0.8083944569725822,
    "13": 0.7813879238060446,
    "14": 0.6694341337871523,
    "15": 0.5118341301095232,
    "16": 0.7555130766934508,
    "17": 0.8119614690965621,
    "18": 0.6694390426647447,
    "19": 0.815561248906302,
    "2": 0,
    "20": 0.5121137415064183,
    "21": 0.7874810914732125,
    "22": 0.7535821926033199,
    "23": 0.7999476309337694,
    "24": 0.6712451387766362,
    "25": 0.5120003633209245,
    "26": 0.7952414172989429,
    "27": 0.40901976747903346,
    "28": 0.7001180079039492,
    "29": 0.7542462363787977,
    "3": 0,
    "30": 0.6694488171736859,
    "31": 0.7524835462256305,
    "32": 0.7430636965879865,
    "33": 0.4029633743208701,
    "34": 0.7185875443768556,
    "35": 0.5119580725905948,
    "36": 0.7540149864595572,
    "37": 0.7184903604599885,
    "38": 0.5429913081927332,
    "39": 0.37995421809110136,
    "4": 0,
    "40": 0.7873787316621399,
    "41": 0.7339212487089294,
    "42": 0.5319329471511796,
    "43": 0.6953961523125877,
    "44": 0.32213284659868047,
    "45": 0.344121528457514,
    "46": 0.2624375714497103,
    "47": 0.41297763236502455,
    "48": 0.7235490221141585,
    "49": 0.33818793753946785,
    "5": 0,
    "50": 0.38803872346235524,
    "51": 0,
    "52": 0,
    "53": 0,
    "54": 0,
    "55": 0,
    "56": 0,
    "57": 0,
    "58": 0,
    "59": 0,
    "6": 0,
    "60": 0,
    "61": 0,
    "62": 0.8120383550099575,
    "63": 0,
    "64": 0.6694314388800373,
    "65": 0.51184802686941,
    "66": 0.7533721035611773,
    "67": 0.8081676501430886,
    "68": 0.6694451538456819,
    "69": 0.8095454543776931,
    "7": 0,
    "70": 0.5120012035187375,
    "71": 0.7858398825790254,
    "72": 0.753569244349815,
    "73": 0.7947837856660747,
    "74": 0.40321248654043457,
    "75": 0.511928301765812,
    "76": 0.7922167772398688,
    "77": 0.4108931660015964,
    "78": 0.6681344314618214,
    "79": 0.7542206648282721,
    "8": 0,
    "80": 0.6952226075569382,
    "81": 0.752510100516519,
    "82": 0.7176311787368347,
    "83": 0.7231508010244315,
    "84": 0.7139284392869031,
    "85": 0.5117395943507799,
    "86": 0.7540387107264966,
    "87": 0.7325500302540072,
    "88": 0.35455484581349006,
    "89": 0.49138871713562066,
    "9": 0,
    "90": 0.7814370749382705,
    "91": 0.7158062406037916,
    "92": 0.5264077347373072,
    "93": 0.537585698376888,
    "94": 0.35007053707668034,
    "95": 0.3098989387917028,
    "96": 0.3550840190122004,
    "97": 0.3642942486940046,
    "98": 0.7144085433407714,
    "99": 0.4137606590909544
}