{
    "1": 0,
    "10": 0,
    "100": 0.35930754971646267,
    "11": 0.7873463423728773,
    "12": 0.8083944569725822,
    "13": 0.7813879238060446,
    "14": 0.01,
    "15": 0.5513368864042713,
    "16": 0.01,
    "17": 0.8119614690965621,
    "18": 0.6857987840692502,
    "19": 0.815561248906302,
    "2": 0,
    "20": 0.5379025094957162,
    "21": 0.7864196960220741,
    "22": 0.7605096874431124,
    "23": 0.8094171737648568,
    "24": 0.6712451387766362,
    "25": 0.5721107431766987,
    "26": 0.7952414172989429,
    "27": 0.4541777747469426,
    "28": 0.6641111220234138,
    "29": 0.7542462363787977,
    "3": 0,
    "30": 0.7032937530709031,
    "31": 0.7524835462256305,
    "32": 0.7430636965879865,
    "33": 0.3831473372468315,
    "34": 0.7185875443768556,
    "35": 0.5482034562044179,
    "36": 0.7540149864595572,
    "37": 0.7165102541239446,
    "38": 0.4736349622679851,
    "39": 0.59614355866134,
    "4": 0,
    "40": 0.7873787316621399,
    "41": 0.7339212487089294,
    "42": 0.38126194773143124,
    "43": 0.5689822762628138,
    "44": 0.42410596880103324,
    "45": 0.4460019553900513,
    "46": 0.3040501660199614,
    "47": 0.364150520776268,
    "48": 0.6869255656416152,
    "49": 0.3470993618666621,
    "5": 0,
    "50": 0.37107463232860816,
    "51": 0,
    "52": 0,
    "53": 0,
    "54": 0,
    "55": 0,
    "56": 0,
    "57": 0,
    "58": 0,
    "59": 0,
    "6": 0,
    "60": 0,
    "61": 0,
    "62": 0.8120383550099575,
    "63": 0,
    "64": 0.6694314388800373,
    "65": 0.01,
    "66": 0.7661295420901436,
    "67": 0.8081676501430886,
    "68": 0.01,
    "69": 0.8095454543776931,
    "7": 0,
    "70": 0.5697219213834084,
    "71": 0.7858398825790254,
    "72": 0.762024660650123,
    "73": 0.7947837856660747,
    "74": 0.4325972944386727,
    "75": 0.5553606854063148,
    "76": 0.7922167772398688,
    "77": 0.45608753270783137,
    "78": 0.6448997175990929,
    "79": 0.76727090305421,
    "8": 0,
    "80": 0.6952226075569382,
    "81": 0.7658476164875577,
    "82": 0.7176311787368347,
    "83": 0.7231508010244315,
    "84": 0.7339841390307078,
    "85": 0.5531035011717258,
    "86": 0.7540387107264966,
    "87": 0.7325500302540072,
    "88": 0.4771151096140612,
    "89": 0.5778020398780244,
    "9": 0,
    "90": 0.7900047963081531,
    "91": 0.7138408205035676,
    "92": 0.33785994101676975,
    "93": 0.5404638012198228,
    "94": 0.4288571468920577,
    "95": 0.431383991020051,
    "96": 0.4191247155979735,
    "97": 0.4275511574934435,
    "98": 0.6992059197207994,
    "99": 0.3646662088734295
}