{
    "1": 0,
    "10": 0,
    "100": 386.5,
    "11": 0,
    "12": 83.7,
    "13": 69.9,
    "14": 131.2,
    "15": 0,
    "16": 0,
    "17": 172.4,
    "18": 140.4,
    "19": 121.6,
    "2": 0,
    "20": 54.0,
    "21": 57.0,
    "22": 223.5,
    "23": 66.9,
    "24": 241.1,
    "25": 48.3,
    "26": 77.89999999999999,
    "27": 51.1,
    "28": 820.0999999999999,
    "29": 396.1,
    "3": 0,
    "30": 248.7,
    "31": 152.9,
    "32": 837.0,
    "33": 292.0,
    "34": 177.7,
    "35": 63.3,
    "36": 61.2,
    "37": 481.6,
    "38": 85.7,
    "39": 1076.6,
    "4": 0,
    "40": 71.6,
    "41": 171.4,
    "42": 250.0,
    "43": 2284.0,
    "44": 652.4,
    "45": 70.6,
    "46": 519.5,
    "47": 439.1,
    "48": 887.5,
    "49": 950.5,
    "5": 0,
    "50": 189.5,
    "51": 0,
    "52": 0,
    "53": 0,
    "54": 0,
    "55": 0,
    "56": 30.9,
    "57": 27.200000000000003,
    "58": 0,
    "59": 0,
    "6": 0,
    "60": 0,
    "61": 0,
    "62": 63.7,
    "63": 73.9,
    "64": 0,
    "65": 59.4,
    "66": 25.099999999999994,
    "67": 59.400000000000006,
    "68": 345.1,
    "69": 161.6,
    "7": 0,
    "70": 54.0,
    "71": 105.0,
    "72": 222.5,
    "73": 63.900000000000006,
    "74": 243.1,
    "75": 61.3,
    "76": 56.9,
    "77": 63.1,
    "78": 657.8,
    "79": 751.1,
    "8": 0,
    "80": 971.6,
    "81": 67.9,
    "82": 488.5,
    "83": 241.0,
    "84": 301.4,
    "85": 106.1,
    "86": 58.2,
    "87": 257.8,
    "88": 170.5,
    "89": 627.3000000000001,
    "9": 0,
    "90": 62.599999999999994,
    "91": 436.20000000000005,
    "92": 291.0,
    "93": 734.6,
    "94": 390.7,
    "95": 166.8,
    "96": 605.5,
    "97": 394.1,
    "98": 650.0,
    "99": 464.29999999999995,
    "average": 168.16
}