{
    "1": 0,
    "10": 0,
    "100": 209.5,
    "11": 0,
    "12": 0,
    "13": 0,
    "14": 0,
    "15": 65.4,
    "16": 26.099999999999994,
    "17": 0,
    "18": 163.4,
    "19": 0,
    "2": 0,
    "20": 55.0,
    "21": 56.0,
    "22": 222.5,
    "23": 65.9,
    "24": 288.1,
    "25": 51.3,
    "26": 62.9,
    "27": 64.1,
    "28": 184.6,
    "29": 0,
    "3": 0,
    "30": 244.7,
    "31": 0,
    "32": 0,
    "33": 289.0,
    "34": 0,
    "35": 60.3,
    "36": 0,
    "37": 239.8,
    "38": 55.7,
    "39": 225.2,
    "4": 0,
    "40": 0,
    "41": 379.8,
    "42": 252.0,
    "43": 415.2,
    "44": 325.3,
    "45": 65.6,
    "46": 499.5,
    "47": 458.1,
    "48": 630.5,
    "49": 465.29999999999995,
    "5": 0,
    "50": 237.5,
    "51": 0,
    "52": 0,
    "53": 0,
    "54": 0,
    "55": 0,
    "56": 0,
    "57": 0,
    "58": 57.2,
    "59": 0,
    "6": 0,
    "60": 0,
    "61": 0,
    "62": 0,
    "63": 0,
    "64": 0,
    "65": 0,
    "66": 0,
    "67": 0,
    "68": 129.4,
    "69": 0,
    "7": 0,
    "70": 52.0,
    "71": 0,
    "72": 130.6,
    "73": 0,
    "74": 249.1,
    "75": 55.3,
    "76": 0,
    "77": 53.1,
    "78": 522.2,
    "79": 364.1,
    "8": 0,
    "80": 0,
    "81": 51.900000000000006,
    "82": 0,
    "83": 275.0,
    "84": 266.4,
    "85": 55.3,
    "86": 0,
    "87": 271.8,
    "88": 56.7,
    "89": 470.4,
    "9": 0,
    "90": 68.6,
    "91": 300.0,
    "92": 920.5,
    "93": 844.4,
    "94": 393.3,
    "95": 114.8,
    "96": 465.5,
    "97": 856.2,
    "98": 423.5,
    "99": 455.29999999999995,
    "average": 93.2
}