{
    "1": 0,
    "10": 0,
    "100": 242.5,
    "11": 0,
    "12": 0,
    "13": 0,
    "14": 0,
    "15": 92.4,
    "16": 0,
    "17": 0,
    "18": 133.4,
    "19": 0,
    "2": 0,
    "20": 54.0,
    "21": 59.0,
    "22": 478.4,
    "23": 60.900000000000006,
    "24": 259.1,
    "25": 58.3,
    "26": 174.9,
    "27": 57.1,
    "28": 512.2,
    "29": 0,
    "3": 0,
    "30": 234.7,
    "31": 0,
    "32": 0,
    "33": 471.1,
    "34": 0,
    "35": 61.3,
    "36": 0,
    "37": 444.8,
    "38": 59.7,
    "39": 122.9,
    "4": 0,
    "40": 0,
    "41": 332.8,
    "42": 262.0,
    "43": 853.6,
    "44": 385.3,
    "45": 64.6,
    "46": 482.5,
    "47": 436.1,
    "48": 449.5,
    "49": 498.29999999999995,
    "5": 0,
    "50": 454.5,
    "51": 0,
    "52": 0,
    "53": 0,
    "54": 0,
    "55": 0,
    "56": 28.9,
    "57": 0,
    "58": 0,
    "59": 0,
    "6": 0,
    "60": 0,
    "61": 0,
    "62": 0,
    "63": 0,
    "64": 0,
    "65": 0,
    "66": 0,
    "67": 0,
    "68": 125.4,
    "69": 0,
    "7": 0,
    "70": 52.0,
    "71": 0,
    "72": 238.5,
    "73": 0,
    "74": 252.1,
    "75": 58.3,
    "76": 0,
    "77": 63.1,
    "78": 642.9,
    "79": 727.1,
    "8": 0,
    "80": 0,
    "81": 94.9,
    "82": 0,
    "83": 283.0,
    "84": 246.4,
    "85": 63.3,
    "86": 0,
    "87": 0,
    "88": 61.7,
    "89": 655.7,
    "9": 0,
    "90": 63.599999999999994,
    "91": 312.0,
    "92": 456.5,
    "93": 436.2,
    "94": 351.3,
    "95": 123.8,
    "96": 524.5,
    "97": 447.1,
    "98": 603.5,
    "99": 469.29999999999995,
    "average": 103.7
}