{
    "1": 0,
    "10": 0,
    "100": 315.5,
    "11": 0,
    "12": 0,
    "13": 0,
    "14": 0,
    "15": 52.4,
    "16": 28.099999999999994,
    "17": 0,
    "18": 0,
    "19": 0,
    "2": 0,
    "20": 51.0,
    "21": 62.0,
    "22": 221.5,
    "23": 54.900000000000006,
    "24": 294.1,
    "25": 56.3,
    "26": 47.9,
    "27": 61.1,
    "28": 152.6,
    "29": 0,
    "3": 0,
    "30": 121.5,
    "31": 0,
    "32": 0,
    "33": 258.0,
    "34": 120.7,
    "35": 75.3,
    "36": 0,
    "37": 246.8,
    "38": 50.7,
    "39": 114.9,
    "4": 0,
    "40": 0,
    "41": 340.8,
    "42": 241.0,
    "43": 1372.2,
    "44": 166.1,
    "45": 55.599999999999994,
    "46": 427.5,
    "47": 420.1,
    "48": 418.5,
    "49": 443.29999999999995,
    "5": 0,
    "50": 236.5,
    "51": 0,
    "52": 0,
    "53": 0,
    "54": 0,
    "55": 0,
    "56": 0,
    "57": 0,
    "58": 0,
    "59": 0,
    "6": 0,
    "60": 0,
    "61": 0,
    "62": 0,
    "63": 0,
    "64": 0,
    "65": 64.4,
    "66": 0,
    "67": 0,
    "68": 130.4,
    "69": 0,
    "7": 0,
    "70": 55.0,
    "71": 0,
    "72": 237.5,
    "73": 0,
    "74": 225.1,
    "75": 60.3,
    "76": 0,
    "77": 53.1,
    "78": 188.6,
    "79": 669.1,
    "8": 0,
    "80": 598.2,
    "81": 105.80000000000001,
    "82": 0,
    "83": 285.0,
    "84": 334.4,
    "85": 59.3,
    "86": 0,
    "87": 0,
    "88": 58.7,
    "89": 543.1,
    "9": 0,
    "90": 63.599999999999994,
    "91": 287.0,
    "92": 458.5,
    "93": 806.6,
    "94": 0,
    "95": 113.8,
    "96": 508.5,
    "97": 406.1,
    "98": 815.0,
    "99": 450.29999999999995
}