{
    "1": 0,
    "10": 0,
    "100": 259.5,
    "11": 0,
    "12": 0,
    "13": 0,
    "14": 0,
    "15": 51.4,
    "16": 0,
    "17": 0,
    "18": 117.4,
    "19": 0,
    "2": 0,
    "20": 53.0,
    "21": 53.0,
    "22": 217.5,
    "23": 0,
    "24": 241.1,
    "25": 49.3,
    "26": 55.9,
    "27": 47.1,
    "28": 165.6,
    "29": 0,
    "3": 0,
    "30": 223.7,
    "31": 0,
    "32": 0,
    "33": 456.1,
    "34": 0,
    "35": 51.3,
    "36": 0,
    "37": 422.1,
    "38": 46.7,
    "39": 111.9,
    "4": 0,
    "40": 0,
    "41": 286.0,
    "42": 227.0,
    "43": 400.2,
    "44": 293.3,
    "45": 63.599999999999994,
    "46": 456.5,
    "47": 406.1,
    "48": 407.5,
    "49": 462.29999999999995,
    "5": 0,
    "50": 215.5,
    "51": 0,
    "52": 0,
    "53": 0,
    "54": 0,
    "55": 0,
    "56": 0,
    "57": 0,
    "58": 0,
    "59": 0,
    "6": 0,
    "60": 0,
    "61": 0,
    "62": 0,
    "63": 0,
    "64": 112.2,
    "65": 57.4,
    "66": 0,
    "67": 0,
    "68": 113.4,
    "69": 0,
    "7": 0,
    "70": 46.0,
    "71": 0,
    "72": 233.5,
    "73": 0,
    "74": 227.1,
    "75": 49.3,
    "76": 0,
    "77": 50.1,
    "78": 184.6,
    "79": 340.1,
    "8": 0,
    "80": 125.5,
    "81": 52.900000000000006,
    "82": 0,
    "83": 245.0,
    "84": 116.7,
    "85": 52.3,
    "86": 0,
    "87": 0,
    "88": 52.7,
    "89": 113.9,
    "9": 0,
    "90": 53.599999999999994,
    "91": 387.0,
    "92": 425.5,
    "93": 1195.2,
    "94": 310.3,
    "95": 118.8,
    "96": 463.5,
    "97": 425.1,
    "98": 756.5,
    "99": 794.3,
    "average": 87.92
}