{
    "1": 0,
    "10": 0,
    "100": 0.4024481768006891,
    "11": 0,
    "12": 0.8085590731920704,
    "13": 0.7813169505267564,
    "14": 0.6694388457274398,
    "15": 0.512043769616008,
    "16": 0.7525139273935473,
    "17": 0.8080381026256602,
    "18": 0.6694467182227968,
    "19": 0.8094598096784721,
    "2": 0,
    "20": 0.5119199846028366,
    "21": 0.787470937403841,
    "22": 0.7535767544717946,
    "23": 0.7922227417148012,
    "24": 0.4041034920048212,
    "25": 0.5116075029846424,
    "26": 0.7998646162830686,
    "27": 0.40893916202326236,
    "28": 0.7230872409512163,
    "29": 0.7543029989866823,
    "3": 0,
    "30": 0.6694443395442582,
    "31": 0.7554983966262203,
    "32": 0.7184046740890528,
    "33": 0.40355418774050666,
    "34": 0.714478676980489,
    "35": 0.5116997072713866,
    "36": 0.7545702610342794,
    "37": 0.718505584193974,
    "38": 0.5430670075989222,
    "39": 0.545504967248166,
    "4": 0,
    "40": 0.7794870170999753,
    "41": 0.7131585790084223,
    "42": 0.5323075124518604,
    "43": 0.5873187894101968,
    "44": 0.529827274397427,
    "45": 0.31412448600121456,
    "46": 0.2603362014282417,
    "47": 0.41287559159015197,
    "48": 0.7339694106902189,
    "49": 0.39563109889110853,
    "5": 0,
    "50": 0.3952786078094879,
    "51": 0,
    "52": 0,
    "53": 0,
    "54": 0,
    "55": 0,
    "56": 0.8084457863324065,
    "57": 0,
    "58": 0.5114955892904713,
    "59": 0,
    "6": 0,
    "60": 0,
    "61": 0,
    "62": 0.8123477163424058,
    "63": 0.7772179602345528,
    "64": 0,
    "65": 0.5119511248214317,
    "66": 0.7545730241115237,
    "67": 0.8114426974882906,
    "68": 0.6694384972786233,
    "69": 0.8128324976956307,
    "7": 0,
    "70": 0.5119335045431855,
    "71": 0.787385923909004,
    "72": 0.7535816019454328,
    "73": 0.808986963068476,
    "74": 0.5023052661092433,
    "75": 0.5119468670411363,
    "76": 0.8054390081558678,
    "77": 0.4089548613330297,
    "78": 0.7361951362289088,
    "79": 0.7543044599702656,
    "8": 0,
    "80": 0.7493107363249039,
    "81": 0.7514454152363341,
    "82": 0.7368340891671643,
    "83": 0.4034187464940818,
    "84": 0.7183826598082671,
    "85": 0.5119551476363483,
    "86": 0.7555139197646034,
    "87": 0.7184269868641391,
    "88": 0.3544879729318673,
    "89": 0.5328001972796941,
    "9": 0,
    "90": 0.7865974871878959,
    "91": 0.7201717620896676,
    "92": 0.3472602621029566,
    "93": 0.5860007595272436,
    "94": 0.3170875110220722,
    "95": 0.33557065262591984,
    "96": 0.26000717369104814,
    "97": 0.4214884129367343,
    "98": 0.7339188289635423,
    "99": 0.41496750003698546
}