{
    "1": 0,
    "10": 0,
    "100": 0.3637224421649653,
    "11": 0,
    "12": 0.8085590731920704,
    "13": 0.7813169505267564,
    "14": 0.6694388457274398,
    "15": 0.01,
    "16": 0.7525139273935473,
    "17": 0.8080381026256602,
    "18": 0.6928213051144068,
    "19": 0.8094598096784721,
    "2": 0,
    "20": 0.5543835890658114,
    "21": 0.7841010586934273,
    "22": 0.7641174939383774,
    "23": 0.7922227417148012,
    "24": 0.3880492115199406,
    "25": 0.5412033572092476,
    "26": 0.7998646162830686,
    "27": 0.47978196190614697,
    "28": 0.6746623017136383,
    "29": 0.7543029989866823,
    "3": 0,
    "30": 0.6896705551576026,
    "31": 0.7554983966262203,
    "32": 0.7184046740890528,
    "33": 0.4213375543478122,
    "34": 0.7359245997275609,
    "35": 0.5414749924960189,
    "36": 0.7545702610342794,
    "37": 0.7217860606732636,
    "38": 0.4430526908786775,
    "39": 0.55796961288253,
    "4": 0,
    "40": 0.7794870170999753,
    "41": 0.6919926227240673,
    "42": 0.3676225123024585,
    "43": 0.5670479873199669,
    "44": 0.4279144312114615,
    "45": 0.43024491247523855,
    "46": 0.2733882557284108,
    "47": 0.3665073720262981,
    "48": 0.7132178861761068,
    "49": 0.3747674418528516,
    "5": 0,
    "50": 0.44541796756198876,
    "51": 0,
    "52": 0,
    "53": 0,
    "54": 0,
    "55": 0,
    "56": 0.8084457863324065,
    "57": 0,
    "58": 0.01,
    "59": 0,
    "6": 0,
    "60": 0,
    "61": 0,
    "62": 0.8123477163424058,
    "63": 0.7772179602345528,
    "64": 0,
    "65": 0.01,
    "66": 0.7545730241115237,
    "67": 0.8114426974882906,
    "68": 0.01,
    "69": 0.8128324976956307,
    "7": 0,
    "70": 0.5762820031142225,
    "71": 0.787385923909004,
    "72": 0.7669101489180373,
    "73": 0.808986963068476,
    "74": 0.4227839578066158,
    "75": 0.5302193509621038,
    "76": 0.8054390081558678,
    "77": 0.4671677169205602,
    "78": 0.7361951362289088,
    "79": 0.7778620868037844,
    "8": 0,
    "80": 0.7493107363249039,
    "81": 0.7678439699511616,
    "82": 0.7368340891671643,
    "83": 0.4111539565548992,
    "84": 0.7547347064542655,
    "85": 0.5305746761352342,
    "86": 0.7555139197646034,
    "87": 0.7184269868641391,
    "88": 0.5018994506325849,
    "89": 0.627196121880696,
    "9": 0,
    "90": 0.7852699482576849,
    "91": 0.7135532829299998,
    "92": 0.3544062038800287,
    "93": 0.5709260772702158,
    "94": 0.4447477741344154,
    "95": 0.39977667116637106,
    "96": 0.3465738402221328,
    "97": 0.4218991885408726,
    "98": 0.7202442627448444,
    "99": 0.35037970343567953
}