{
    "1": 0,
    "10": 79.15259106345869,
    "11": 75.5172397766277,
    "12": 80.71326192793784,
    "13": 76.90541676808927,
    "14": 65.42808680360383,
    "15": 79.87269327931547,
    "16": 73.83515484374131,
    "17": 80.14066639532115,
    "18": 66.19559714509522,
    "19": 79.32516373807647,
    "2": 0,
    "20": 79.82461994138572,
    "21": 75.51099187331906,
    "22": 73.5535922708455,
    "23": 75.56936915841699,
    "24": 66.07123506715817,
    "25": 79.82461994138572,
    "26": 75.65742536868653,
    "27": 66.97754398257146,
    "28": 74.84026245497904,
    "29": 74.89609431004084,
    "3": 0,
    "30": 65.68937683294757,
    "31": 74.12228789640174,
    "32": 73.9850910611594,
    "33": 65.68937683294757,
    "34": 72.49500771648135,
    "35": 79.87269327931547,
    "36": 75.09455248676339,
    "37": 75.3062451845863,
    "38": 66.99696293805998,
    "39": 75.7962580017613,
    "4": 0,
    "40": 75.60690853063309,
    "41": 68.79228464824043,
    "42": 75.24495704553033,
    "43": 36.41240384812659,
    "44": 28.763496241662153,
    "45": 37.440736659891385,
    "46": 36.09804021272177,
    "47": 36.63879220054211,
    "48": 68.89457897383619,
    "49": 36.09804021272177,
    "5": 0,
    "50": 36.09804021272177,
    "6": 79.87269327931547,
    "7": 0,
    "8": 79.87269327931547,
    "9": 0
}