{
    "1": 0,
    "10": 2,
    "11": 2,
    "12": 2,
    "13": 2,
    "14": 2,
    "15": 0.5917040851662274,
    "16": 0.7717829449714408,
    "17": 0.8278391275222279,
    "18": 0.681745393986505,
    "19": 0.8398036445380012,
    "2": 0,
    "20": 0.5427263077406834,
    "21": 0.7836587869327332,
    "22": 0.7746983610983653,
    "23": 0.8132007746543894,
    "24": 0.48765952052472716,
    "25": 0.5466261604958347,
    "26": 0.8154577276262728,
    "27": 0.45531172295111505,
    "28": 0.6468782556595079,
    "29": 0.7700009349684465,
    "3": 0,
    "30": 0.6771861823943428,
    "31": 0.7718414572626625,
    "32": 0.6432079732510436,
    "33": 0.46747366770634335,
    "34": 0.7579493762470554,
    "35": 0.5929308840849332,
    "36": 0.7814134270671487,
    "37": 0.7197341385514496,
    "38": 0.4877575372439288,
    "39": 0.571649268311135,
    "4": 0,
    "40": 0.7804163679201892,
    "41": 0.7083682557923046,
    "42": 0.33300945254862085,
    "43": 0.5560887478915946,
    "44": 0.4640968304689787,
    "45": 0.4830223732666737,
    "46": 0.40835615493229227,
    "47": 0.42486057191566945,
    "48": 0.6918965364730726,
    "49": 0.4020777262295577,
    "5": 0,
    "50": 0.39792107373334556,
    "6": 2,
    "7": 0,
    "8": 2,
    "9": 0
}