{
    "1": 0,
    "10": 0,
    "11": 0.7551723977662771,
    "12": 0.8071326192793784,
    "13": 0.7690541676808926,
    "14": 0.01,
    "15": 0.01,
    "16": 0.738351548437413,
    "17": 0.8014066639532115,
    "18": 0.675223878611547,
    "19": 0.7932516373807647,
    "2": 0,
    "20": 0.5762065686922573,
    "21": 0.7551099187331906,
    "22": 0.7668156576378853,
    "23": 0.7556936915841699,
    "24": 0.4048171701294282,
    "25": 0.7982461994138572,
    "26": 0.8078736071780264,
    "27": 0.6697754398257146,
    "28": 0.6580502395986139,
    "29": 0.762207518268125,
    "3": 0,
    "30": 0.6568937683294758,
    "31": 0.7412228789640174,
    "32": 0.7398509106115939,
    "33": 0.4213320232727875,
    "34": 0.7504010014933675,
    "35": 0.5392805429287088,
    "36": 0.7509455248676339,
    "37": 0.7530624518458631,
    "38": 0.4052055167453702,
    "39": 0.7579625800176131,
    "4": 0,
    "40": 0.7795001158332935,
    "41": 0.6958062119270894,
    "42": 0.45180842369743124,
    "43": 0.6062438145755009,
    "44": 0.388016692330324,
    "45": 0.41773312108664185,
    "46": 0.3234059362104604,
    "47": 0.43703105761320765,
    "48": 0.6995158515011195,
    "49": 0.3781517696072777,
    "5": 0,
    "50": 0.4463744123212498,
    "6": 0.01,
    "7": 0,
    "8": 0.7987269327931547,
    "9": 0
}