{
    "1": 0,
    "10": 0,
    "100": 0.37358515239189005,
    "11": 0,
    "12": 0.8121744756533725,
    "13": 0.781806233883198,
    "14": 0.6694445363062794,
    "15": 0.5120485504864372,
    "16": 0.7515964452993577,
    "17": 0.8117913635640231,
    "18": 0.6694262765263577,
    "19": 0.8094855272579058,
    "2": 0,
    "20": 0.5119380583027977,
    "21": 0.7873635666650962,
    "22": 0.7535742133429589,
    "23": 0.7922185877147276,
    "24": 0.401228692055779,
    "25": 0.5119900432541812,
    "26": 0.7922190542625804,
    "27": 0.40894464456426377,
    "28": 0.6779467946323794,
    "29": 0.7542187694402988,
    "3": 0,
    "30": 0.6694383103794327,
    "31": 0.7546228614985505,
    "32": 0.722979658812602,
    "33": 0.40356638285688845,
    "34": 0.7342871664457359,
    "35": 0.511897393805768,
    "36": 0.754066326359698,
    "37": 0.7321481637000714,
    "38": 0.3544929772833498,
    "39": 0.4809034607217509,
    "4": 0,
    "40": 0.787415399627263,
    "41": 0.7140527674594794,
    "42": 0.3472873254760129,
    "43": 0.5919580343393603,
    "44": 0.46764439455514895,
    "45": 0.3141002258857027,
    "46": 0.262524401098131,
    "47": 0.46665555875677756,
    "48": 0.7334961193680531,
    "49": 0.380926967267405,
    "5": 0,
    "50": 0.38218136359585364,
    "51": 0.8082739747090053,
    "52": 0,
    "53": 0,
    "54": 0,
    "55": 0,
    "56": 0.8086960352660103,
    "57": 0,
    "58": 0,
    "59": 0,
    "6": 0,
    "60": 0,
    "61": 0,
    "62": 0.8118451242068104,
    "63": 0.78164493829257,
    "64": 0.7493083950768872,
    "65": 0.5119576306608107,
    "66": 0.7545314109682866,
    "67": 0.8092222037058137,
    "68": 0.6694366657433453,
    "69": 0.8094974195302475,
    "7": 0,
    "70": 0.5119307378709768,
    "71": 0.7857227029786819,
    "72": 0.7535799137309026,
    "73": 0.8054426400001712,
    "74": 0.40333993238185295,
    "75": 0.5120278482096555,
    "76": 0.8054393271395793,
    "77": 0.4088568968878357,
    "78": 0.7371077515561718,
    "79": 0.7543072428993172,
    "8": 0,
    "80": 0.7492945989449697,
    "81": 0.7545208267894542,
    "82": 0.7216597124452002,
    "83": 0.7232562504222608,
    "84": 0.716117369879186,
    "85": 0.5119116900287104,
    "86": 0.7542173526099183,
    "87": 0.7523812290888846,
    "88": 0.5429951344436201,
    "89": 0.3935326533140299,
    "9": 0,
    "90": 0.7792738926814216,
    "91": 0.7338594183090424,
    "92": 0.5326750410586721,
    "93": 0.6954348003485422,
    "94": 0.36664545968439216,
    "95": 0.31873498974508746,
    "96": 0.34131130288502737,
    "97": 0.38636308130570923,
    "98": 0.7132624127511863,
    "99": 0.37129219360584587
}