{
    "1": 0,
    "10": 0,
    "100": 0.3882014126651314,
    "11": 0.787211816440346,
    "12": 0.8083604516679999,
    "13": 0.7815603293712331,
    "14": 0.721668288753181,
    "15": 0.5119538425353578,
    "16": 0.751708644112305,
    "17": 0.8122169041703762,
    "18": 0.6694458461756426,
    "19": 0.8100620926999541,
    "2": 0,
    "20": 0.5118595718612357,
    "21": 0.7873455120827103,
    "22": 0.7535883654316429,
    "23": 0.8089508130872132,
    "24": 0.403370754597293,
    "25": 0.5119676599894635,
    "26": 0.809007234436244,
    "27": 0.40886382380869235,
    "28": 0.737047032876289,
    "29": 0.7543119134971227,
    "3": 0,
    "30": 0.6694458298723492,
    "31": 0.7533785232332336,
    "32": 0.729365477788551,
    "33": 0.504634471279609,
    "34": 0.7183701159211983,
    "35": 0.5119937392740053,
    "36": 0.7554886823059792,
    "37": 0.7543149928069848,
    "38": 0.5429870644423979,
    "39": 0.37997003518433453,
    "4": 0,
    "40": 0.7909412674962362,
    "41": 0.7246422145015883,
    "42": 0.37945190712440086,
    "43": 0.695295457625042,
    "44": 0.39596896747576255,
    "45": 0.3458060640663481,
    "46": 0.25614399950749767,
    "47": 0.4128026989074058,
    "48": 0.7104003352027248,
    "49": 0.33259011526595045,
    "5": 0,
    "50": 0.3837121311706096,
    "51": 0.8083212309198621,
    "52": 0,
    "53": 0,
    "54": 0,
    "55": 0,
    "56": 0,
    "57": 0,
    "58": 0.5118804346767114,
    "59": 0,
    "6": 0,
    "60": 0,
    "61": 0.7872637788838452,
    "62": 0.8123501717610918,
    "63": 0.7815111561279535,
    "64": 0.6694462007925341,
    "65": 0.5120304530689797,
    "66": 0.753394539599821,
    "67": 0.8123468545252929,
    "68": 0.6694429549544185,
    "69": 0.8155752449883786,
    "7": 0,
    "70": 0.5118570014450968,
    "71": 0.7873401792913133,
    "72": 0.7535846598061188,
    "73": 0.8089973966108484,
    "74": 0.40401031944929805,
    "75": 0.5120387929817036,
    "76": 0.8089700691172523,
    "77": 0.4088418248459769,
    "78": 0.7367443990949522,
    "79": 0.754229201970507,
    "8": 0.5119406386402647,
    "80": 0.6694465392502305,
    "81": 0.7516460094254793,
    "82": 0.7143244455525617,
    "83": 0.40320271076792813,
    "84": 0.7183694666004296,
    "85": 0.5119648208273927,
    "86": 0.7554986387624821,
    "87": 0.7522821402779563,
    "88": 0.542986113591629,
    "89": 0.38053153710617926,
    "9": 0,
    "90": 0.7874920701931607,
    "91": 0.7097943538761694,
    "92": 0.5325122787945521,
    "93": 0.6885799040637447,
    "94": 0.33426073498296893,
    "95": 0.3167031204632503,
    "96": 0.25572382630849394,
    "97": 0.41302915271224194,
    "98": 0.7338006636623027,
    "99": 0.3631332232136996
}