{
    "1": 0,
    "10": 0,
    "100": 0.3835418275731775,
    "11": 0.01,
    "12": 0.01,
    "13": 0.01,
    "14": 0.01,
    "15": 0.571121103754456,
    "16": 0.769390998148533,
    "17": 0.8183263165122671,
    "18": 0.685018861990875,
    "19": 0.8100620926999541,
    "2": 0,
    "20": 0.5689798007953706,
    "21": 0.7780127844180921,
    "22": 0.769832335456619,
    "23": 0.8108952482853767,
    "24": 0.43144158889825046,
    "25": 0.5863325023487481,
    "26": 0.8122625232145013,
    "27": 0.46115612660850563,
    "28": 0.6692849692674689,
    "29": 0.7728730455674198,
    "3": 0,
    "30": 0.6891043960489386,
    "31": 0.7692284532164771,
    "32": 0.6662088988219445,
    "33": 0.4601671081825728,
    "34": 0.7437445627638141,
    "35": 0.56756045230041,
    "36": 0.7767678156318029,
    "37": 0.7528146939915473,
    "38": 0.46283463424560783,
    "39": 0.5785311410582047,
    "4": 0,
    "40": 0.7909412674962362,
    "41": 0.72598407867164,
    "42": 0.4178997642209939,
    "43": 0.5871143515071936,
    "44": 0.4284119033921516,
    "45": 0.4456463699073034,
    "46": 0.4537364174727489,
    "47": 0.41712127469362054,
    "48": 0.7341842163962884,
    "49": 0.4274458942307231,
    "5": 0,
    "50": 0.39354581311350856,
    "51": 0.01,
    "52": 0,
    "53": 0,
    "54": 0,
    "55": 0,
    "56": 0,
    "57": 0,
    "58": 0.01,
    "59": 0,
    "6": 0,
    "60": 0,
    "61": 0.7872637788838452,
    "62": 0.01,
    "63": 0.7815111561279535,
    "64": 0.01,
    "65": 0.01,
    "66": 0.01,
    "67": 0.8156715516388583,
    "68": 0.6851502608520816,
    "69": 0.8155752449883786,
    "7": 0,
    "70": 0.5589836631606556,
    "71": 0.7781864619796939,
    "72": 0.7703021985667452,
    "73": 0.8089973966108484,
    "74": 0.4515409514997264,
    "75": 0.5801075630342978,
    "76": 0.8123092896386576,
    "77": 0.5199013753006357,
    "78": 0.6719673954268844,
    "79": 0.7696084504586637,
    "8": 0.01,
    "80": 0.6887055857422936,
    "81": 0.761942977402708,
    "82": 0.6799305221753353,
    "83": 0.42403304684003007,
    "84": 0.7395642229449813,
    "85": 0.5727668737639399,
    "86": 0.7785569889025427,
    "87": 0.7369377688738918,
    "88": 0.5123651102457167,
    "89": 0.5882665342659618,
    "9": 0,
    "90": 0.7825981402663337,
    "91": 0.6909654115886006,
    "92": 0.41291741376447694,
    "93": 0.5806432005651752,
    "94": 0.4279470644497992,
    "95": 0.3689573717629321,
    "96": 0.36399021959296685,
    "97": 0.401437120059736,
    "98": 0.7048033759012987,
    "99": 0.3412833863273382
}