{
    "1": 1,
    "10": 1,
    "11": 1,
    "12": 2,
    "13": 1,
    "14": 1,
    "15": 2,
    "16": 1,
    "17": 1,
    "18": 0.6912322228583959,
    "19": 1,
    "2": 1,
    "20": 0.5740246544669354,
    "21": 1,
    "22": 0.7857626277671925,
    "23": 1,
    "24": 0.4137721207171796,
    "25": 1,
    "26": 1,
    "27": 1,
    "28": 1,
    "29": 0.7587983515500089,
    "3": 1,
    "30": 1,
    "31": 1,
    "32": 1,
    "33": 0.44808484610484367,
    "34": 0.7290559154877648,
    "35": 0.5926159013472936,
    "36": 0.7754885468310752,
    "37": 1,
    "38": 1,
    "39": 0.5719192226236068,
    "4": 1,
    "40": 0.7818008871555946,
    "41": 0.735809284655957,
    "42": 2,
    "43": 0.5583589203375832,
    "44": 1,
    "45": 0.44661601007418084,
    "46": 0.4007134817112827,
    "47": 0.4690847239294003,
    "48": 0.7068534965633341,
    "49": 0.3930736671228003,
    "5": 1,
    "50": 0.37665030933483057,
    "6": 1,
    "7": 1,
    "8": 1,
    "9": 1
}