{"job1": 0, "job45": 79.19, "job2": 0, "job3": 0, "job40": 128.82, "job15": 0, "job13": 142.62, "job37": 131.195, "job50": 104.49, "job39": 116.165, "job49": 79.92500000000001, "job44": 110.71, "job32": 110.555, "job25": 128.2, "job6": 0, "job12": 145.44, "job43": 112.75, "job35": 110.41, "job29": 120.9, "job7": 0, "job46": 75.48, "job23": 146.66, "job47": 107.81, "job34": 103.68, "job21": 140.71, "job33": 110.62, "job36": 139.44, "job24": 84.74, "job28": 125.36, "job48": 109.74, "job17": 146.71, "job8": 0, "job30": 122.46, "job41": 100.38, "job16": 135.13, "job27": 98.72, "job20": 130.58, "job38": 89.85499999999999, "job11": 0, "job42": 99.895, "job10": 0, "job22": 127.555, "job4": 0, "job18": 106.495, "job19": 146.66, "job5": 0, "job9": 0, "job26": 136.11, "job31": 133.74, "job14": 120.29}