{
    "1": 0,
    "10": 0,
    "11": 0,
    "12": 2,
    "13": 2,
    "14": 2,
    "15": 0,
    "16": 0.7639647210371328,
    "17": 0.810225787763911,
    "18": 0.7119678026053383,
    "19": 0.8196059793847372,
    "2": 0,
    "20": 2,
    "21": 0.7854369669691342,
    "22": 0.7607125205330816,
    "23": 0.8145355488222432,
    "24": 0.5061007831263321,
    "25": 0.5445458353122565,
    "26": 0.8125473607642952,
    "27": 0.5637855061521495,
    "28": 0.636102663939264,
    "29": 0.7668942329546484,
    "3": 0,
    "30": 0.7049320331331077,
    "31": 0.767676090779133,
    "32": 0.6632065425334144,
    "33": 0.39636803643799007,
    "34": 0.7338163336193636,
    "35": 0.5539269290956825,
    "36": 0.7840658453467663,
    "37": 0.7330753723942537,
    "38": 2,
    "39": 0.579512553845468,
    "4": 0,
    "40": 0.7860793301878555,
    "41": 0.6944108135094504,
    "42": 0.3948993014155307,
    "43": 0.5798795927360362,
    "44": 0.4141687906446821,
    "45": 0.4142784184019222,
    "46": 0.2888763127899382,
    "47": 0.3775680676890226,
    "48": 0.6963235225672384,
    "49": 0.3063038155419566,
    "5": 0,
    "50": 0.31727323938481944,
    "6": 0,
    "7": 0,
    "8": 0,
    "9": 0
}