{
    "1": 0.7307692307692307,
    "10": 0.8372093023255814,
    "11": 0.7868852459016393,
    "12": 2,
    "13": 2,
    "14": 0.581081081081081,
    "15": 0.5833333333333334,
    "16": 0.7670973529999391,
    "17": 0.8249720772759606,
    "18": 0.7098096421821829,
    "19": 0.8255799270697477,
    "2": 0.78125,
    "20": 2,
    "21": 0.7848988412401863,
    "22": 0.7637842853365681,
    "23": 0.8079338205303044,
    "24": 0.47698804961067537,
    "25": 0.5669316858743758,
    "26": 0.8163947915947836,
    "27": 0.47420851546841575,
    "28": 0.6753874324564363,
    "29": 0.765682492543238,
    "3": 0.6486486486486487,
    "30": 0.6824229297537489,
    "31": 0.7721459488810659,
    "32": 0.6905417378334694,
    "33": 0.4698301400796747,
    "34": 0.7395855561390805,
    "35": 0.5596488028862373,
    "36": 0.7840065592641102,
    "37": 0.731311051594182,
    "38": 2,
    "39": 0.5849730604875458,
    "4": 0.6666666666666666,
    "40": 0.7845305621920313,
    "41": 0.687682598425305,
    "42": 0.37701330041164116,
    "43": 0.5715455979940849,
    "44": 0.3945231820067697,
    "45": 0.4091112086914037,
    "46": 0.3407867624289522,
    "47": 0.4244891750007309,
    "48": 0.707053006014816,
    "49": 0.3831827143834041,
    "5": 0.46153846153846156,
    "50": 0.4425826284375348,
    "6": 0.7647058823529411,
    "7": 0.8108108108108109,
    "8": 0.48,
    "9": 0.3157894736842105
}