{
    "1": 0,
    "10": 0,
    "100": 0.41485408796353335,
    "11": 0.787390963261675,
    "12": 0.8087270377987672,
    "13": 0.781455208910117,
    "14": 0.6694446334528981,
    "15": 0.5119382067544861,
    "16": 0.7524866092682643,
    "17": 0.8118971784543192,
    "18": 0.6694460946707657,
    "19": 0.812846716098117,
    "2": 0,
    "20": 0.5119082852288204,
    "21": 0.7745497211139702,
    "22": 0.7535813151274955,
    "23": 0.7922226209539664,
    "24": 0.4034458535599324,
    "25": 0.5119212776313333,
    "26": 0.79222599863906,
    "27": 0.41018932576703165,
    "28": 0.6787317492092936,
    "29": 0.7543091274455065,
    "3": 0,
    "30": 0.6948312234610515,
    "31": 0.7514720478924123,
    "32": 0.716318190879962,
    "33": 0.5120644664390516,
    "34": 0.718285887324773,
    "35": 0.5119651214008994,
    "36": 0.7554946958829664,
    "37": 0.7522827535525152,
    "38": 0.4188442078560835,
    "39": 0.4830676909302791,
    "4": 0,
    "40": 0.7873020611995832,
    "41": 0.7132734618662535,
    "42": 0.46897890711009915,
    "43": 0.6949241072466533,
    "44": 0.5263593875298322,
    "45": 0.3165725380001608,
    "46": 0.2595794411865155,
    "47": 0.3642784818255511,
    "48": 0.7114923697927312,
    "49": 0.3028626997257198,
    "5": 0,
    "50": 0.37807490041075775,
    "51": 0.8080927488424707,
    "52": 0,
    "53": 0,
    "54": 0,
    "55": 0,
    "56": 0,
    "57": 0,
    "58": 0,
    "59": 0,
    "6": 0,
    "60": 0,
    "61": 0.7874895410821484,
    "62": 0.8082631947153606,
    "63": 0.7814367339686592,
    "64": 0.6694451976918355,
    "65": 0.5119351529210416,
    "66": 0.7516325599905592,
    "67": 0.8123047399502258,
    "68": 0.6694436944208533,
    "69": 0.815541323317015,
    "7": 0,
    "70": 0.5120165915217507,
    "71": 0.7871981896674584,
    "72": 0.7535763674425345,
    "73": 0.7922238786916139,
    "74": 0.5065654142470685,
    "75": 0.5119153414987683,
    "76": 0.7943158844004098,
    "77": 0.41018918873128335,
    "78": 0.7074714666017179,
    "79": 0.7542315649435811,
    "8": 0.5115097735277705,
    "80": 0.6694337975467191,
    "81": 0.7514169845464792,
    "82": 0.740809719991085,
    "83": 0.40315451203560004,
    "84": 0.718336136916368,
    "85": 0.511975244868088,
    "86": 0.7555128675298541,
    "87": 0.7521673526003103,
    "88": 0.41871263456231717,
    "89": 0.5430066537306311,
    "9": 0,
    "90": 0.7864904241249768,
    "91": 0.7223234721851238,
    "92": 0.5847056210345333,
    "93": 0.5997380881279305,
    "94": 0.5298252060277462,
    "95": 0.31608854485129273,
    "96": 0.3546478333069347,
    "97": 0.42145518765863005,
    "98": 0.7338953105594851,
    "99": 0.3825953051447427
}