{
    "1": 0,
    "10": 0,
    "100": 0.37109492040472114,
    "11": 0,
    "12": 0.8177657359282473,
    "13": -1,
    "14": 0,
    "15": 0.5372638191016613,
    "16": 0,
    "17": 0.8161182579342318,
    "18": 0.6727850004491918,
    "19": 0.8184419021602224,
    "2": 0,
    "20": 0.5492659920489247,
    "21": 0.7820229585973609,
    "22": 0.7669526408467704,
    "23": 0.8098067943913185,
    "24": 0.4365517154648248,
    "25": 0.5606925832607723,
    "26": 0.8148378125551238,
    "27": 0.46083746721939917,
    "28": 0.6553990523249056,
    "29": 0.7615678631648928,
    "3": 0,
    "30": 0.6827672461950731,
    "31": 0.7690757304928693,
    "32": 0.6562243544331773,
    "33": 0.4262441110662252,
    "34": 0.7598877816642784,
    "35": 0.5583513387821116,
    "36": 0.7766800871922972,
    "37": 0.7361442353643254,
    "38": 0.3814991690416302,
    "39": 0.5784877660548149,
    "4": 0,
    "40": 0.7776020651011492,
    "41": 0.7041420031320742,
    "42": 0.33982530165006936,
    "43": 0.5578409051885261,
    "44": 0.39333306213601954,
    "45": 0.45204976634044974,
    "46": 0.4332123877594767,
    "47": 0.42723745488045284,
    "48": 0.6981221947041968,
    "49": 0.3230739017886768,
    "5": 0,
    "50": 0.3384311237420124,
    "51": 0,
    "52": 0,
    "53": 0,
    "54": 0,
    "55": 0,
    "56": -1,
    "57": 0,
    "58": 0,
    "59": 0,
    "6": -1,
    "60": 0,
    "61": 0,
    "62": -1,
    "63": -1,
    "64": -1,
    "65": -1,
    "66": 0,
    "67": 0.817503182413498,
    "68": 0.703299440295982,
    "69": 0.8254491660558377,
    "7": 0,
    "70": 0.5673731099752195,
    "71": 0.7798544139873657,
    "72": 0.7768371111951475,
    "73": 0.8065384865909282,
    "74": 0.41754321755099233,
    "75": 0.5702296858444292,
    "76": 0.8076129369601166,
    "77": 0.5399912273934112,
    "78": 0.6657079849631462,
    "79": 0.7665010427502713,
    "8": 0,
    "80": 0.6880530653101548,
    "81": 0.7712524912332237,
    "82": 0.6777775764073667,
    "83": 0.38331810984896436,
    "84": 0.731416661732719,
    "85": 0.543047455862391,
    "86": 0.7743627405381178,
    "87": 0.7249489318964187,
    "88": 0.46949158164826243,
    "89": 0.6061996481587972,
    "9": 0,
    "90": 0.7785015306173976,
    "91": 0.6878982121191328,
    "92": 0.33068673720948955,
    "93": 0.5586359853728462,
    "94": 0.4489108814494608,
    "95": 0.4662056309329157,
    "96": 0.4379876109696488,
    "97": 0.4092726453385575,
    "98": 0.6149784197059753,
    "99": 0.4162636133076171
}