{
    "1": -84.0,
    "10": -16.888888888888886,
    "11": -8,
    "12": -18.88372093023256,
    "13": -1,
    "14": -28,
    "15": -19,
    "16": -6.731707317073187,
    "17": -13.488372093023287,
    "18": -5,
    "19": -29.203619909502322,
    "2": -20,
    "20": -8,
    "21": -8.444444444444429,
    "22": -17.343339587241985,
    "23": -23.75862068965509,
    "24": -18.647887323943678,
    "25": -26,
    "26": -28.163793103448278,
    "27": -20.03957783641158,
    "28": -12.755725190839694,
    "29": -5.604342581423339,
    "3": -9,
    "30": -13.794117647058783,
    "31": -28.728407908428494,
    "32": -8.04962153069802,
    "33": -4.6655231560895345,
    "34": -10.684491978609628,
    "35": -66.9009900990098,
    "36": -20.843653250773997,
    "37": -19.886363636363626,
    "38": -17.837799717912333,
    "39": -13.986735445836416,
    "4": -70.76744186046513,
    "40": -2.330733229329155,
    "41": -20.277404921700214,
    "42": -43.73300970873787,
    "43": -22.73968017850504,
    "44": -2.7933884297522766,
    "45": -25.44000000000011,
    "46": -24.395284327323164,
    "47": -34.54115421002838,
    "48": -86.24212241941325,
    "49": 0.0,
    "5": -28,
    "50": -1.6580814462046847,
    "6": -48.5,
    "7": -50.8936170212766,
    "8": -12.835616438356162,
    "9": -13.857142857142858
}