{
    "1": -21,
    "10": -3.9310344827586197,
    "11": -1.9875776397515525,
    "12": -4,
    "13": -0.26948775055679286,
    "14": -12.142857142857144,
    "15": -9.800904977375566,
    "16": -1.619718309859159,
    "17": -2.607913669064754,
    "18": -1.8509316770186335,
    "19": -5.307565789473695,
    "2": -5.384615384615384,
    "20": -3.443609022556391,
    "21": -1.8853362734288828,
    "22": -4.549212598425186,
    "23": -4.56694653115332,
    "24": -10.852459016393452,
    "25": -11.958984375,
    "26": -5.307879772542648,
    "27": -10.160535117056842,
    "28": -4.438247011952191,
    "29": -1.4401735895846088,
    "3": -3.044776119402985,
    "30": -4.7816482582837585,
    "31": -6.585877862595368,
    "32": -2.7416213119449857,
    "33": -2.713216957606183,
    "34": -2.966592427616927,
    "35": -28.863733447244726,
    "36": -4.552831783601015,
    "37": -5.142017629774728,
    "38": -10.129755706848092,
    "39": -5.840000000000006,
    "4": -17,
    "40": -0.5141972121837853,
    "41": -6.125703987384544,
    "42": -26,
    "43": -9.499300916576052,
    "44": -1.471698113207658,
    "45": -14.929577464788798,
    "46": -15,
    "47": -20,
    "48": -26,
    "49": 0,
    "5": -17.043478260869566,
    "50": -1,
    "6": -12,
    "7": -13,
    "8": -7.152671755725189,
    "9": -8.584070796460177
}