{
    "1": 0,
    "10": 0,
    "100": 0.3204449586421149,
    "11": 0,
    "12": 0.8078073756374269,
    "13": 0.7778322792002015,
    "14": 0.6694389141341992,
    "15": 0.5117835216062107,
    "16": 0.7545420865608651,
    "17": 0.8120537909778603,
    "18": 0.6694388194429358,
    "19": 0.8155564764098632,
    "2": 0,
    "20": 0.511723299339113,
    "21": 0.7815093193020372,
    "22": 0.755647093829098,
    "23": 0.794782742037983,
    "24": 0.40320905920969374,
    "25": 0.5118245546491623,
    "26": 0.8089735756583003,
    "27": 0.5772017350768155,
    "28": 0.7350747791988158,
    "29": 0.7542615046072101,
    "3": 0,
    "30": 0.6694507862115703,
    "31": 0.7544513409275094,
    "32": 0.7320029477196099,
    "33": 0.4031093934121954,
    "34": 0.7190284924210542,
    "35": 0.511980518692092,
    "36": 0.7543812876262207,
    "37": 0.7361352422734858,
    "38": 0.5430205108552358,
    "39": 0.543015638980195,
    "4": 0,
    "40": 0.7837882334886547,
    "41": 0.7144446908087231,
    "42": 0.5308610772006608,
    "43": 0.5844016603499709,
    "44": 0.5319693162579662,
    "45": 0.31499142200687297,
    "46": 0.34215849795010556,
    "47": 0.4024227751740544,
    "48": 0.733937462739813,
    "49": 0.3838626700894563,
    "5": 0,
    "50": 0.3716567805723497,
    "51": 0,
    "52": 0,
    "53": 0,
    "54": 0,
    "55": 0,
    "56": 0.8121511199442502,
    "57": 0,
    "58": 0.5119632307447127,
    "59": 0,
    "6": 0,
    "60": 0,
    "61": 0.7772843170365921,
    "62": 0.8014927234864208,
    "63": 0.7773297828826737,
    "64": 0,
    "65": 0.5121701732771031,
    "66": 0.7514204151811392,
    "67": 0.8118621297652042,
    "68": 0.7493075957679417,
    "69": 0.8094535266436211,
    "7": 0,
    "70": 0.5119769312036737,
    "71": 0.7873849161101113,
    "72": 0.7535719901611835,
    "73": 0.8070005504978072,
    "74": 0.6260188213404367,
    "75": 0.511852928049765,
    "76": 0.8054453547753222,
    "77": 0.4101279835073268,
    "78": 0.7293379153246611,
    "79": 0.7542309760818857,
    "8": 0,
    "80": 0.6694274121265279,
    "81": 0.7516226423905329,
    "82": 0.7236522286188388,
    "83": 0.40361171726222006,
    "84": 0.7149995604949956,
    "85": 0.5119389937668509,
    "86": 0.7540308878392843,
    "87": 0.731978203863812,
    "88": 0.5429603685712793,
    "89": 0.5353923920929996,
    "9": 0,
    "90": 0.7849846315955817,
    "91": 0.7250384694346685,
    "92": 0.4683012837526636,
    "93": 0.6879985192609682,
    "94": 0.5255272104814829,
    "95": 0.3151250941655826,
    "96": 0.26257485465387265,
    "97": 0.3472716404612829,
    "98": 0.7339534449749452,
    "99": 0.363014004824269
}