{
    "1": 0,
    "10": 0,
    "100": 0.35147326392144146,
    "11": 0,
    "12": 0.8078073756374269,
    "13": 0.7778322792002015,
    "14": 0.01,
    "15": 0.01,
    "16": 0.7545420865608651,
    "17": 0.8120537909778603,
    "18": 0.6716873746981594,
    "19": 0.8155564764098632,
    "2": 0,
    "20": 0.5285726269721898,
    "21": 0.7829410830030807,
    "22": 0.7587214863475704,
    "23": 0.8077893101715257,
    "24": 0.4375882678264431,
    "25": 0.5543549570063855,
    "26": 0.8089735756583003,
    "27": 0.48929182181224573,
    "28": 0.6693412994563451,
    "29": 0.7542615046072101,
    "3": 0,
    "30": 0.6681297170142717,
    "31": 0.7544513409275094,
    "32": 0.7320029477196099,
    "33": 0.3788402499071461,
    "34": 0.7365636454184118,
    "35": 0.5647657919170139,
    "36": 0.7543812876262207,
    "37": 0.7213402267912343,
    "38": 0.45638835943816036,
    "39": 0.5709118190142626,
    "4": 0,
    "40": 0.7837882334886547,
    "41": 0.7315711384843248,
    "42": 0.360608329097413,
    "43": 0.5656457240497793,
    "44": 0.48306377382235277,
    "45": 0.38346868422264563,
    "46": 0.3714308845028946,
    "47": 0.34487916010935776,
    "48": 0.7119599027205759,
    "49": 0.37498131430074116,
    "5": 0,
    "50": 0.3821463646873008,
    "51": 0,
    "52": 0,
    "53": 0,
    "54": 0,
    "55": 0,
    "56": 0.01,
    "57": 0,
    "58": 0.01,
    "59": 0,
    "6": 0,
    "60": 0,
    "61": 0.7772843170365921,
    "62": 0.8014927234864208,
    "63": 0.7773297828826737,
    "64": 0,
    "65": 0.01,
    "66": 0.7514204151811392,
    "67": 0.8118621297652042,
    "68": 0.6930596172245859,
    "69": 0.8094535266436211,
    "7": 0,
    "70": 0.5897013985529381,
    "71": 0.7873849161101113,
    "72": 0.7757813225804027,
    "73": 0.8070005504978072,
    "74": 0.4333641514342959,
    "75": 0.5644887158979006,
    "76": 0.8054453547753222,
    "77": 0.4701421429100157,
    "78": 0.6505712058929785,
    "79": 0.7587955473386556,
    "8": 0,
    "80": 0.6694274121265279,
    "81": 0.7709906394989566,
    "82": 0.7236522286188388,
    "83": 0.4191106401721874,
    "84": 0.7265984086332531,
    "85": 0.5484994298099766,
    "86": 0.7540308878392843,
    "87": 0.731978203863812,
    "88": 0.48532059832048574,
    "89": 0.5594875792838353,
    "9": 0,
    "90": 0.7791442073332359,
    "91": 0.72614522813273,
    "92": 0.3407118609372875,
    "93": 0.5681179517582666,
    "94": 0.5255272104814829,
    "95": 0.39460685185837535,
    "96": 0.3495018211909444,
    "97": 0.4386234403729735,
    "98": 0.7168635789211885,
    "99": 0.3659141618336686
}