{
    "1": 0,
    "10": 0,
    "11": 0.7873004831639012,
    "12": 0.8080150997387326,
    "13": 0.7813271926594774,
    "14": 0.669440371558532,
    "15": 0.511730020141195,
    "16": 0.7556739312060761,
    "17": 0.8082070981578074,
    "18": 0.7492910900162805,
    "19": 0.8127860395840806,
    "2": 0,
    "20": 0.5118309626704515,
    "21": 0.7873194767489777,
    "22": 0.7672662214989522,
    "23": 0.7947805050554458,
    "24": 0.403344308564034,
    "25": 0.5120054552285546,
    "26": 0.8007602275229985,
    "27": 0.453677105116683,
    "28": 0.6470465968360137,
    "29": 0.754236106189859,
    "3": 0,
    "30": 0.7492771092874445,
    "31": 0.7750490477139141,
    "32": 0.7232193933828259,
    "33": 0.506441063624677,
    "34": 0.7184183211969939,
    "35": 0.5117502177951367,
    "36": 0.7554999748083013,
    "37": 0.7344390305204429,
    "38": 0.44164648399007933,
    "39": 0.6117603846993548,
    "4": 0,
    "40": 0.7772939642470932,
    "41": 0.7338900756296991,
    "42": 0.5319216317249998,
    "43": 0.6940456960284288,
    "44": 0.4239015712760423,
    "45": 0.47126602534671846,
    "46": 0.25987901801386026,
    "47": 0.41282874451767854,
    "48": 0.7339217106908902,
    "49": 0.3630455283894015,
    "5": 0,
    "50": 0.39070514210237256,
    "6": 0,
    "7": 0,
    "8": 0.5119526514627148,
    "9": 0
}