{
    "1": -84.0,
    "10": -25.77777777777778,
    "11": -40.25,
    "12": -18.88372093023256,
    "13": -107.61157024793388,
    "14": -16.352941176470573,
    "15": -19,
    "16": -20.78048780487805,
    "17": -129.30232558139534,
    "18": -26.040268456375834,
    "19": -104.54298642533936,
    "2": -92.85714285714286,
    "20": -25.554585152838428,
    "21": -67.18518518518519,
    "22": -56.686679174484055,
    "23": -78.0344827586207,
    "24": -14,
    "25": -26,
    "26": -127.3448275862069,
    "27": -5,
    "28": -24.091603053435197,
    "29": -42.80579010856454,
    "3": -9,
    "30": -69.23529411764706,
    "31": -126.5015608740895,
    "32": -32.296888141295206,
    "33": -5,
    "34": -16.780748663101665,
    "35": -17.831683168316683,
    "36": -128.1888544891641,
    "37": 0.0,
    "38": -23,
    "39": -4.392041267501753,
    "4": -70.76744186046513,
    "40": -36.262090483619346,
    "41": -65.82550335570473,
    "42": -6.815533980582226,
    "43": -41.96243956861228,
    "44": -37.42148760330573,
    "45": -45.839999999999996,
    "46": -40.26490984743357,
    "47": -21.414380321666023,
    "48": -86.24212241941325,
    "49": -13.919308357349525,
    "5": -28,
    "50": -39.731752356885806,
    "6": -48.5,
    "7": -50.8936170212766,
    "8": -19,
    "9": -7
}