{
    "1": -21,
    "10": -6,
    "11": -10,
    "12": -4,
    "13": -29,
    "14": -7.091836734693871,
    "15": -9.800904977375566,
    "16": -5,
    "17": -25,
    "18": -9.63975155279503,
    "19": -19,
    "2": -25,
    "20": -11,
    "21": -15,
    "22": -14.869094488188978,
    "23": -15,
    "24": -8.147540983606557,
    "25": -11.958984375,
    "26": -24,
    "27": -2.535117056856187,
    "28": -8.38247011952194,
    "29": -11,
    "3": -3.044776119402985,
    "30": -24,
    "31": -29,
    "32": -11,
    "33": -2.907730673316708,
    "34": -4.659242761692667,
    "35": -7.693293464331418,
    "36": -28,
    "37": 0,
    "38": -13.06127352823388,
    "39": -1.8338461538461168,
    "4": -17,
    "40": -8,
    "41": -19.8855598107682,
    "42": -4.051948051947875,
    "43": -17.52943917974187,
    "44": -19.71552975326557,
    "45": -26.901408450704224,
    "46": -24.75780317243698,
    "47": -12.399342645850993,
    "48": -26,
    "49": -8.711597426802655,
    "5": -17.043478260869566,
    "50": -23.962485345838104,
    "6": -12,
    "7": -13,
    "8": -10.587786259541984,
    "9": -4.336283185840708
}