{
    "1": 0,
    "10": 0,
    "11": -1,
    "12": -1,
    "13": -1,
    "14": -1,
    "15": 0.5504820742341652,
    "16": 0.7755483016489116,
    "17": 0.8192933010171745,
    "18": 0.6962632198113539,
    "19": 0.8255914406787181,
    "2": 0,
    "20": 0.5714238035757847,
    "21": 0.773139797348983,
    "22": 0.7750803216341449,
    "23": 0.8152667375285174,
    "24": 0.44284163863579745,
    "25": 0.5585742218845184,
    "26": 0.8117756354363254,
    "27": 0.47912888372291496,
    "28": 0.6876121349357103,
    "29": 0.7632930460939192,
    "3": 0,
    "30": 0.6908219351290537,
    "31": 0.7659035255789148,
    "32": 0.6824443211631662,
    "33": 0.4131636603246052,
    "34": 0.7348770945781377,
    "35": 0.5501798065235739,
    "36": 0.7712060758003891,
    "37": 0.7246449136959449,
    "38": 0.4713287741110801,
    "39": 0.5954654605554842,
    "4": 0,
    "40": 0.775892306322441,
    "41": 0.7163042640725402,
    "42": 0.3874833198775457,
    "43": 0.601449134277171,
    "44": 0.4521515754472805,
    "45": 0.42785319276902317,
    "46": 0.38627893388932727,
    "47": 0.4068435233702728,
    "48": 0.734600349145224,
    "49": 0.39765253141412243,
    "5": 0,
    "50": 0.43458848401664435,
    "6": 0,
    "7": 0,
    "8": -1,
    "9": 0
}