{
    "1": 0,
    "10": 0,
    "11": 0.3947540122114463,
    "12": 0.4666907799396085,
    "13": 0.39529084601672065,
    "14": 0.2610454701100678,
    "15": 0.30661587536396107,
    "16": 0.40429966184847216,
    "17": 0.46669993676417226,
    "18": 0.3503758042976974,
    "19": 0.5312286935278013,
    "2": 0,
    "20": 0.3067473163702004,
    "21": 0.39477903005017423,
    "22": 0.44216079303910516,
    "23": 0.5322280131537996,
    "24": 0.33648391136915107,
    "25": 0.30627916456335685,
    "26": 0.5567709790243603,
    "27": 0.21399195473081892,
    "28": 0.284791397494436,
    "29": 0.44615655247314534,
    "3": 0,
    "30": 0.3503302660998974,
    "31": 0.42346377308416244,
    "32": 0.3270238947684588,
    "33": 0.31999075819206424,
    "34": 0.38430312430999986,
    "35": 0.3069897055396048,
    "36": 0.42626769561894073,
    "37": 0.3838943100855625,
    "38": 0.1811992859327067,
    "39": 0.30124710745671407,
    "4": 0,
    "40": 0.39384161857962124,
    "41": 0.32609685137490024,
    "42": 0.22497719254683737,
    "43": 0.25471849260392915,
    "44": 0.24652517821445577,
    "45": 0.20647202075265234,
    "46": 0.18468274251365074,
    "47": 0.21939931302442348,
    "48": 0.3257681851347374,
    "49": 0.22618665688474937,
    "5": 0,
    "50": 0.21341706073454833,
    "6": 0,
    "7": 0,
    "8": 0.307004296191211,
    "9": 0
}