{
    "1": 0,
    "10": 0,
    "11": 0.3947540122114463,
    "12": 0.4666907799396085,
    "13": 0.01,
    "14": 0.01,
    "15": 0.4144761949193853,
    "16": 0.5133290502707397,
    "17": 0.46669993676417226,
    "18": 0.41514150856450743,
    "19": 0.5312286935278013,
    "2": 0,
    "20": 0.44360676974520585,
    "21": 0.39477903005017423,
    "22": 0.44216079303910516,
    "23": 0.5322280131537996,
    "24": 0.4268153015940512,
    "25": 0.4584521448875509,
    "26": 0.5567709790243603,
    "27": 0.21399195473081892,
    "28": 0.33193953937275517,
    "29": 0.4702284204636462,
    "3": 0,
    "30": 0.43980389311689,
    "31": 0.5233212696159791,
    "32": 0.3709198923602775,
    "33": 0.41108106347209966,
    "34": 0.43481897419987675,
    "35": 0.4536134580895764,
    "36": 0.48498284944060055,
    "37": 0.44571297460119674,
    "38": 0.41467480286927894,
    "39": 0.44275744052617916,
    "4": 0,
    "40": 0.521087431775806,
    "41": 0.38750251904169014,
    "42": 0.34296354455394934,
    "43": 0.3314604657077029,
    "44": 0.24652517821445577,
    "45": 0.4136796604995498,
    "46": 0.3048974942933726,
    "47": 0.30086315599835045,
    "48": 0.3935873391062028,
    "49": 0.27126960650591453,
    "5": 0,
    "50": 0.33370685993784893,
    "6": 0,
    "7": 0,
    "8": 0.01,
    "9": 0
}