{
    "1": -84.0,
    "10": -25.77777777777778,
    "11": -40.25,
    "12": -18.88372093023256,
    "13": -107.61157024793388,
    "14": -23.05882352941176,
    "15": -11.631578947368421,
    "16": -20.78048780487805,
    "17": -129.30232558139534,
    "18": -74.36241610738259,
    "19": -104.54298642533936,
    "2": -92.85714285714286,
    "20": -25.554585152838428,
    "21": -67.18518518518519,
    "22": -26.686679174484052,
    "23": -78.0344827586207,
    "24": -14,
    "25": -19.56687898089172,
    "26": -127.3448275862069,
    "27": -3.3377308707124036,
    "28": -68.97709923664122,
    "29": -42.80579010856454,
    "3": -65.02941176470588,
    "30": -69.23529411764706,
    "31": -126.5015608740895,
    "32": -32.296888141295206,
    "33": -48.17324185248714,
    "34": -64.8288770053476,
    "35": -23.178217821782177,
    "36": -128.1888544891641,
    "37": 0.0,
    "38": -23,
    "39": -43.986735445836274,
    "4": -70.76744186046513,
    "40": -36.262090483619346,
    "41": -59.58389261744966,
    "42": -31.427184466019575,
    "43": -39.9988843436227,
    "44": -52.87603305785061,
    "45": -14.879999999999905,
    "46": -8.583911234398764,
    "47": -32.142857142858304,
    "48": -86.24212241941325,
    "49": -28.109510086455145,
    "5": -28,
    "50": -43.80795023811782,
    "6": -48.5,
    "7": -50.8936170212766,
    "8": -30.506849315068493,
    "9": -7
}