{
    "1": -21,
    "10": -6,
    "11": -10,
    "12": -4,
    "13": -29,
    "14": -10,
    "15": -6,
    "16": -5,
    "17": -25,
    "18": -27.52795031055902,
    "19": -19,
    "2": -25,
    "20": -11,
    "21": -15,
    "22": -7,
    "23": -15,
    "24": -8.147540983606557,
    "25": -9,
    "26": -24,
    "27": -1.6923076923076934,
    "28": -24,
    "29": -11,
    "3": -22,
    "30": -24,
    "31": -29,
    "32": -11,
    "33": -28.01496259351621,
    "34": -18,
    "35": -10,
    "36": -28,
    "37": 0,
    "38": -13.06127352823388,
    "39": -18.366153846153793,
    "4": -17,
    "40": -8,
    "41": -18,
    "42": -18.683982683982777,
    "43": -16.709181295634835,
    "44": -27.857764876632473,
    "45": -8.732394366197127,
    "46": -5.278014668259857,
    "47": -18.611339359080375,
    "48": -26,
    "49": -17.59273732940528,
    "5": -17.043478260869566,
    "50": -26.42086752637715,
    "6": -12,
    "7": -13,
    "8": -17,
    "9": -4.336283185840708
}