{
    "1": 0,
    "10": 0,
    "11": 0.7551723977662771,
    "12": 0.8071326192793784,
    "13": 0.7690541676808926,
    "14": 0.01,
    "15": 0.6012447205635147,
    "16": 0.738351548437413,
    "17": 0.8014066639532115,
    "18": 0.6715310886995453,
    "19": 0.822244940741077,
    "2": 0,
    "20": 0.5773422420196248,
    "21": 0.7551099187331906,
    "22": 0.7646186526383243,
    "23": 0.7556936915841699,
    "24": 0.4254419832085467,
    "25": 0.7982461994138572,
    "26": 0.7565742536868654,
    "27": 0.4872577598545243,
    "28": 0.7484026245497905,
    "29": 0.7748260138925349,
    "3": 0,
    "30": 0.6994859510460046,
    "31": 0.7412228789640174,
    "32": 0.7398509106115939,
    "33": 0.4610832030698532,
    "34": 0.7461986548846844,
    "35": 0.5563997300994904,
    "36": 0.7731573519861512,
    "37": 0.7530624518458631,
    "38": 0.4561009197718012,
    "39": 0.5959205405700316,
    "4": 0,
    "40": 0.7809476927753034,
    "41": 0.6836017543202051,
    "42": 0.329683468211657,
    "43": 0.5870889733413314,
    "44": 0.4672516505583331,
    "45": 0.4202738683684707,
    "46": 0.33854002294055097,
    "47": 0.3856682471198098,
    "48": 0.696769729544093,
    "49": 0.3876217457284227,
    "5": 0,
    "50": 0.41142652309221744,
    "6": 0,
    "7": 0,
    "8": 0.7987269327931547,
    "9": 0
}