{"job1": 0, "job45": 75.84, "job2": 0, "job3": 0, "job40": 132.66, "job15": 0, "job13": 143.485, "job37": 138.54000000000002, "job50": 111.0, "job39": 122.32, "job49": 61.44, "job44": 115.64, "job32": 129.73, "job25": 131.14, "job6": 0, "job12": 146.64, "job43": 112.53999999999999, "job35": 114.13, "job29": 132.62, "job7": 0, "job46": 73.29, "job23": 135.91, "job47": 76.66, "job34": 131.21, "job21": 147.04, "job33": 78.36, "job36": 143.53, "job24": 76.7, "job28": 61.68, "job48": 116.35, "job17": 145.92, "job8": 0, "job30": 107.06, "job41": 106.75, "job16": 63.16, "job27": 98.44, "job20": 109.04, "job38": 91.28, "job11": 0, "job42": 77.595, "job10": 0, "job22": 139.81, "job4": 0, "job18": 109.35, "job19": 145.54, "job5": 0, "job9": 0, "job26": 145.99, "job31": 122.53, "job14": 129.86}