{
    "1": -84.0,
    "10": -25.77777777777778,
    "11": -40.25,
    "12": -18.88372093023256,
    "13": -107.61157024793388,
    "14": -23.05882352941176,
    "15": -11.631578947368421,
    "16": -20.78048780487805,
    "17": -129.30232558139534,
    "18": -5.402684563758389,
    "19": -104.54298642533936,
    "2": -92.85714285714286,
    "20": -25.554585152838428,
    "21": -67.18518518518519,
    "22": -26.686679174484052,
    "23": -78.0344827586207,
    "24": -3.436619718309859,
    "25": -19.56687898089172,
    "26": -127.3448275862069,
    "27": -43.39050131926122,
    "28": -68.97709923664122,
    "29": -42.80579010856454,
    "3": -65.02941176470588,
    "30": -69.23529411764706,
    "31": -126.5015608740895,
    "32": -32.296888141295206,
    "33": -6.878216123499143,
    "34": -64.8288770053476,
    "35": -23.178217821782177,
    "36": -128.1888544891641,
    "37": 0.0,
    "38": -38.74047954866008,
    "39": -55.08474576271186,
    "4": -70.76744186046513,
    "40": -36.262090483619346,
    "41": -37.906040268455584,
    "42": -43.73300970873787,
    "43": -20.887690591297034,
    "44": -51.14049586776877,
    "45": -36.47999999999989,
    "46": -23.74618585298256,
    "47": -48.51939451277078,
    "48": -88.48859109018544,
    "49": -15.048991354468173,
    "5": -6.571428571428571,
    "50": -17.88414811935164,
    "6": -48.5,
    "7": -50.8936170212766,
    "8": -30.506849315068493,
    "9": -32.285714285714285
}