{
    "1": -21,
    "10": -6,
    "11": -10,
    "12": -4,
    "13": -29,
    "14": -10,
    "15": -6,
    "16": -5,
    "17": -25,
    "18": -2,
    "19": -19,
    "2": -25,
    "20": -11,
    "21": -15,
    "22": -7,
    "23": -15,
    "24": -2,
    "25": -9,
    "26": -24,
    "27": -22,
    "28": -24,
    "29": -11,
    "3": -22,
    "30": -24,
    "31": -29,
    "32": -11,
    "33": -4,
    "34": -18,
    "35": -10,
    "36": -28,
    "37": 0,
    "38": -22,
    "39": -23,
    "4": -17,
    "40": -8,
    "41": -11.45122775399841,
    "42": -26,
    "43": -8.725648594065206,
    "44": -26.94339622641519,
    "45": -21.408450704225288,
    "46": -14.600886917960452,
    "47": -28.093672966309896,
    "48": -26.677258209811043,
    "49": -9.418625623760818,
    "5": -4,
    "50": -10.786049237984116,
    "6": -12,
    "7": -13,
    "8": -17,
    "9": -20
}