{
    "1": 0,
    "10": 0,
    "100": 0.354935154866423,
    "11": 0.7704863556625858,
    "12": 0.8120519955357176,
    "13": 0.7778256916555675,
    "14": 0.6671513392262876,
    "15": 0.5118339990397659,
    "16": 0.7546041083962105,
    "17": 0.8063624372844811,
    "18": 0.6643673048794122,
    "19": 0.8155365893820087,
    "2": 0,
    "20": 0.5103337908577142,
    "21": 0.7568072462894024,
    "22": 0.753896771295802,
    "23": 0.7915184326102331,
    "24": 0.4790807896027698,
    "25": 0.5117143793254275,
    "26": 0.7909273256464295,
    "27": 0.41309942976298103,
    "28": 0.6589943170309904,
    "29": 0.7543076363493852,
    "3": 0,
    "30": 0.49379841216846737,
    "31": 0.7516841696725953,
    "32": 0.7285405059869984,
    "33": 0.4637364374554052,
    "34": 0.7196805161250563,
    "35": 0.5087621063057566,
    "36": 0.7545539688712387,
    "37": 0.7170666786905752,
    "38": 0.53978028666816,
    "39": 0.5569732277067372,
    "4": 0,
    "40": 0.753982297767525,
    "41": 0.7112989649469226,
    "42": 0.467434299458272,
    "43": 0.5318496260008961,
    "44": 0.526100154609994,
    "45": 0.3794323599254356,
    "46": 0.2681917965056066,
    "47": 0.3495955767150199,
    "48": 0.7146550990192381,
    "49": 0.5275191364008194,
    "5": 0,
    "50": 0.7269495222001078,
    "51": 0.8081250943167148,
    "52": 0,
    "53": 0,
    "54": 0,
    "55": 0,
    "56": 0.8122863270681807,
    "57": 0,
    "58": 0,
    "59": 0,
    "6": 0.7994438663824245,
    "60": 0.7832946461787063,
    "61": 0.7865359150305773,
    "62": 0.8120939348450241,
    "63": 0.7777658654310317,
    "64": 0.6645011521591847,
    "65": 0.5024287186176929,
    "66": 0.7319335324125905,
    "67": 0.79840074700722,
    "68": 0.6653476057534085,
    "69": 0.8128224376013585,
    "7": 0,
    "70": 0.5103423642647963,
    "71": 0.7587300466832329,
    "72": 0.7623394522821104,
    "73": 0.7947829032429746,
    "74": 0.47478306541819515,
    "75": 0.5095619489954006,
    "76": 0.7981541645636114,
    "77": 0.4130888107689384,
    "78": 0.7363933783878306,
    "79": 0.7528894708290446,
    "8": 0,
    "80": 0.6694423841401825,
    "81": 0.7546369613177945,
    "82": 0.6309025080512708,
    "83": 0.4137860961195308,
    "84": 0.6641621054462543,
    "85": 0.5086886447583887,
    "86": 0.7540415598279572,
    "87": 0.7292259762999668,
    "88": 0.542979772182735,
    "89": 0.37961379564882786,
    "9": 0,
    "90": 0.7660745516905852,
    "91": 0.7131810978705861,
    "92": 0.34716510398650485,
    "93": 0.5292802256315124,
    "94": 0.39434227640824554,
    "95": 0.31597289679586643,
    "96": 0.2592056391448007,
    "97": 0.42168482690679665,
    "98": 0.7032177820602391,
    "99": 0.3861284076320793
}