{
    "1": 0,
    "10": 0,
    "100": 0.28281174538182574,
    "11": 1,
    "12": 0.8120519955357176,
    "13": 1,
    "14": 0.6671513392262876,
    "15": 0.5462317538072462,
    "16": 0.7546041083962105,
    "17": 0.8212348280361916,
    "18": 0.6643673048794122,
    "19": 0.8155365893820087,
    "2": 0,
    "20": 0.5103337908577142,
    "21": 0.7736593170694218,
    "22": 1,
    "23": 0.8115643370462845,
    "24": 0.4790807896027698,
    "25": 0.5425729589954635,
    "26": 0.8131147396373398,
    "27": 0.41309942976298103,
    "28": 0.6589943170309904,
    "29": 0.7543076363493852,
    "3": 0,
    "30": 1,
    "31": 0.7516841696725953,
    "32": 0.7285405059869984,
    "33": 0.4637364374554052,
    "34": 0.7356837544111864,
    "35": 0.5087621063057566,
    "36": 0.7545539688712387,
    "37": 0.7193646191320843,
    "38": 0.38607283741109316,
    "39": 0.5569732277067372,
    "4": 0,
    "40": 0.7796150759595101,
    "41": 0.7017888126471704,
    "42": 0.3591421731253975,
    "43": 0.5318496260008961,
    "44": 0.4469456801743925,
    "45": 0.4294057057134431,
    "46": 0.26536359494156053,
    "47": 0.35198635870636374,
    "48": 0.6947367309930803,
    "49": 0.3290326322281965,
    "5": 0,
    "50": 0.39564037224835025,
    "51": 0.8081250943167148,
    "52": 0,
    "53": 0,
    "54": 0,
    "55": 0,
    "56": 0.8122863270681807,
    "57": 0,
    "58": 0,
    "59": 0,
    "6": 1,
    "60": 0.7832946461787063,
    "61": 0.7865359150305773,
    "62": 0.8120939348450241,
    "63": 0.7777658654310317,
    "64": 0.6645011521591847,
    "65": 0.5024287186176929,
    "66": 0.7319335324125905,
    "67": 0.8112867268715082,
    "68": 0.6653476057534085,
    "69": 0.8128224376013585,
    "7": 0,
    "70": 0.5103423642647963,
    "71": 0.7587300466832329,
    "72": 0.7598789602217937,
    "73": 0.7947829032429746,
    "74": 0.47478306541819515,
    "75": 0.5445669757824702,
    "76": 0.8134631280269667,
    "77": 0.4130888107689384,
    "78": 0.01,
    "79": 0.7740731870193609,
    "8": 0,
    "80": 0.6694423841401825,
    "81": 0.7676778006312537,
    "82": 0.6835861883916435,
    "83": 0.4137860961195308,
    "84": 0.6641621054462543,
    "85": 0.5086886447583887,
    "86": 0.7540415598279572,
    "87": 0.7292259762999668,
    "88": 0.5232613601715655,
    "89": 0.5943703532689323,
    "9": 0,
    "90": 0.7787054554915975,
    "91": 0.7323030325953165,
    "92": 0.32360057725481456,
    "93": 0.5292802256315124,
    "94": 0.39434227640824554,
    "95": 0.4821550429993741,
    "96": 0.3679035591421371,
    "97": 0.41894161284154413,
    "98": 0.693247992465978,
    "99": 0.28196965624922893
}