{
    "1": 0,
    "10": 0,
    "100": 0.38820089806628266,
    "11": 0,
    "12": 0.8087950364482704,
    "13": 0.8249617525784242,
    "14": 0.01,
    "15": 0.5391995839876331,
    "16": 0.5084676048986638,
    "17": 0.8097374431559962,
    "18": 0.99,
    "19": 0.99,
    "2": 0,
    "20": 0.7646750758554219,
    "21": 0.7831280498536152,
    "22": 0.7650557299700519,
    "23": 0.8137999638982472,
    "24": 0.7823892783640896,
    "25": 0.5746084000180441,
    "26": 0.7678554780037582,
    "27": 0.48245988072506213,
    "28": 0.6693849547495279,
    "29": 0.7723875156990007,
    "3": 0,
    "30": 0.87291503123749,
    "31": 0.9162053112943971,
    "32": 0.6925736821735156,
    "33": 0.3866949759344047,
    "34": 0.7547128420746636,
    "35": 0.7778607198639955,
    "36": 0.7755949107703527,
    "37": 0.9988939089637785,
    "38": 0.36352505460709056,
    "39": 0.5899526899328146,
    "4": 0,
    "40": 0.7346962136046575,
    "41": 0.7061263572229445,
    "42": 0.33828715708410484,
    "43": 0.5540669967590387,
    "44": 0.42854211970185846,
    "45": 0.41625250918861795,
    "46": 0.3472071165799927,
    "47": 0.43154722627152003,
    "48": 0.8020848074108807,
    "49": 0.3528891979004249,
    "5": 0,
    "50": 0.37271669310773275,
    "51": 0.9498995109619245,
    "52": 0,
    "53": 0,
    "54": 0,
    "55": 0,
    "56": 0,
    "57": 0,
    "58": 0,
    "59": 0,
    "6": 0,
    "60": 0,
    "61": 0,
    "62": 0,
    "63": 0.8693103006842746,
    "64": 0.8119082578953156,
    "65": 0.01,
    "66": 0.39056426326628585,
    "67": 0.9134240843723065,
    "68": 0.6721133707938169,
    "69": 0.8156361309443508,
    "7": 0,
    "70": 0.01,
    "71": 0.7726483879338821,
    "72": 0.7642623709427662,
    "73": 0.8214846278137754,
    "74": 0.38695184359826595,
    "75": 0.5437568240998424,
    "76": 0.7830221138434581,
    "77": 0.501165638915199,
    "78": 0.6859780474578436,
    "79": 0.7491352102586715,
    "8": 0,
    "80": 0.679660904290779,
    "81": 0.766992291372068,
    "82": 0.6540563111892983,
    "83": 0.40294866439365923,
    "84": 0.99,
    "85": 0.5268745623612836,
    "86": 0.99,
    "87": 0.7290816144072151,
    "88": 0.4905359705067085,
    "89": 0.5904096063297412,
    "9": 0,
    "90": 0.783965311283634,
    "91": 0.7044017665465403,
    "92": 0.37050206582096396,
    "93": 0.5450854623709575,
    "94": 0.3667682253145826,
    "95": 0.4322460030957965,
    "96": 0.308388523175404,
    "97": 0.4086813321895479,
    "98": 0.6882335294588108,
    "99": 0.23714500580405143
}