{
    "1": 0,
    "10": 0,
    "100": 0.99,
    "11": 0,
    "12": 0.99,
    "13": 0.01,
    "14": 0,
    "15": 0,
    "16": 0.9138459740787568,
    "17": 0.8107864488635361,
    "18": 0.6752252979694338,
    "19": 0.8225872599453841,
    "2": 0,
    "20": 0.8517072987866041,
    "21": 0.7828196597486782,
    "22": 0.7575704906726762,
    "23": 0.8151156994502567,
    "24": 0.4062308438137339,
    "25": 0.5748583811794346,
    "26": 0.8071127636323149,
    "27": 0.45842660052382894,
    "28": 0.6561695486137487,
    "29": 0.99,
    "3": 0,
    "30": 0.7527878200942124,
    "31": 0.8357954891221828,
    "32": 0.780700306475512,
    "33": 0.43575648415460044,
    "34": 0.7345271982211913,
    "35": 0.5466549622606729,
    "36": 0.7749860565333009,
    "37": 0.7364931934140367,
    "38": 0.4169703823396099,
    "39": 0.5880059713859144,
    "4": 0,
    "40": 0.7766103914254008,
    "41": 0.7341260238050893,
    "42": 0.376164626314505,
    "43": 0.5991168557535399,
    "44": 0.46854955346037414,
    "45": 0.404758356266414,
    "46": 0.3675253068864752,
    "47": 0.40667696038017515,
    "48": 0.7223108063688579,
    "49": 0.9725604471341478,
    "5": 0,
    "50": 0.3940990752157051,
    "51": 0.7088827177185425,
    "52": 0,
    "53": 0,
    "54": 0,
    "55": 0,
    "56": 0,
    "57": 0,
    "58": 0,
    "59": 0,
    "6": 0,
    "60": 0,
    "61": 0,
    "62": 0,
    "63": 0,
    "64": 0.01,
    "65": 0.01,
    "66": 0.01,
    "67": 0.810755881234393,
    "68": 0.6900397729030544,
    "69": 0.99,
    "7": 0,
    "70": 0.5950992892908941,
    "71": 0.8176580312154499,
    "72": 0.01,
    "73": 0.8760821943602933,
    "74": 0.4078011572811985,
    "75": 0.5418362132136297,
    "76": 0.8150894830360924,
    "77": 0.46434588431850354,
    "78": 0.6372867326107913,
    "79": 0.7739580396683459,
    "8": 0,
    "80": 0.9351460828720038,
    "81": 0.7631664450315534,
    "82": 0.6562285946085679,
    "83": 0.8535385793526986,
    "84": 0.8590577883566682,
    "85": 0.99,
    "86": 0.99,
    "87": 0.7333600261234312,
    "88": 0.4764940177869331,
    "89": 0.7306767975099149,
    "9": 0,
    "90": 0.7820347894524189,
    "91": 0.6857681306265054,
    "92": 0.43182058883092056,
    "93": 0.5725013869230712,
    "94": 0.4399880883730334,
    "95": 0.41358536746334096,
    "96": 0.3769350638174674,
    "97": 0.44428855314845683,
    "98": 0.7043607751338291,
    "99": 0.31200347991383387
}