{
    "1": 0,
    "10": 0,
    "100": 0.3352734803407267,
    "11": 0.7546537353892626,
    "12": 0.8121409414995044,
    "13": 0.7778403522830355,
    "14": 0,
    "15": 0.5119432649526395,
    "16": 0.7546623001510704,
    "17": 0.8124427896101467,
    "18": 0.626340605466907,
    "19": 0.8095475428954138,
    "2": 0,
    "20": 0.5120461485749758,
    "21": 0.7540544945678062,
    "22": 0.7596937607038429,
    "23": 0.7922125562790019,
    "24": 0.40155204690011315,
    "25": 0.5115546975283841,
    "26": 0.7947809212755517,
    "27": 0.41308363993239666,
    "28": 0.7363165742289064,
    "29": 0.7542401202029921,
    "3": 0,
    "30": 0.6694418443410431,
    "31": 0.7545973268806964,
    "32": 0.7138547690380334,
    "33": 0.40352990470607575,
    "34": 0.6549787542852198,
    "35": 0.503083582405935,
    "36": 0.7517326295595415,
    "37": 0.7184039225806634,
    "38": 0.5429992733159819,
    "39": 0.4830872720611446,
    "4": 0,
    "40": 0.7870688626356588,
    "41": 0.7156143911363075,
    "42": 0.42358679614651684,
    "43": 0.6940155254579543,
    "44": 0.34757409438245096,
    "45": 0.3161247972455428,
    "46": 0.3177950365834034,
    "47": 0.4130600769884291,
    "48": 0.6994876900944065,
    "49": 0.3062925172609622,
    "5": 0,
    "50": 0.3243702829375777,
    "51": 0.8081231273753317,
    "52": 0,
    "53": 0,
    "54": 0,
    "55": 0,
    "56": 0.8123778333501198,
    "57": 0,
    "58": 0,
    "59": 0,
    "6": 0.8022215355053183,
    "60": 0.7932464874089381,
    "61": 0,
    "62": 0.8123978464967465,
    "63": 0.7773332701517447,
    "64": 0,
    "65": 0.5110606076705888,
    "66": 0.7514490356943742,
    "67": 0.8121135937246328,
    "68": 0.6671402244143,
    "69": 0.8034488821114126,
    "7": 0,
    "70": 0.5119962888013654,
    "71": 0.7741846360059794,
    "72": 0.7567717853286468,
    "73": 0.791038198031748,
    "74": 0.4421788413479486,
    "75": 0.5024378528762725,
    "76": 0.7915663129370372,
    "77": 0.41309579550920555,
    "78": 0.5648898010499875,
    "79": 0.7549600626314841,
    "8": 0,
    "80": 0.6694467579931869,
    "81": 0.7516341803569192,
    "82": 0.7313469547767028,
    "83": 0.40355128149752206,
    "84": 0.7211125542297953,
    "85": 0.510319981518839,
    "86": 0.7473544500537315,
    "87": 0.7524253184602727,
    "88": 0.41745469418616665,
    "89": 0.5980518277069513,
    "9": 0,
    "90": 0.7741865621670244,
    "91": 0.7172021225679641,
    "92": 0.3467544970402537,
    "93": 0.5272430067240839,
    "94": 0.34980336041306254,
    "95": 0.32152434566145355,
    "96": 0.2603866137350972,
    "97": 0.350153977299853,
    "98": 0.7077756623814981,
    "99": 0.40242597971156135
}