{
    "1": 0,
    "10": 0,
    "100": 0.35655425157781423,
    "11": 1,
    "12": 0.8121409414995044,
    "13": 1,
    "14": 0,
    "15": 0.01,
    "16": 0.7546623001510704,
    "17": 0.8124427896101467,
    "18": 1,
    "19": 0.8095475428954138,
    "2": 0,
    "20": 0.5809958199666857,
    "21": 0.778828741948178,
    "22": 0.760445239445493,
    "23": 0.7922125562790019,
    "24": 0.3924465332042887,
    "25": 0.5337133800918453,
    "26": 0.7947809212755517,
    "27": 0.41308363993239666,
    "28": 0.7363165742289064,
    "29": 0.7542401202029921,
    "3": 0,
    "30": 0.6769940542325503,
    "31": 0.7545973268806964,
    "32": 0.7138547690380334,
    "33": 0.4316618985407186,
    "34": 0.7312231098648699,
    "35": 0.503083582405935,
    "36": 0.7747681158906798,
    "37": 0.7188954390175614,
    "38": 0.4326577972559841,
    "39": 0.5786921834944955,
    "4": 0,
    "40": 0.7870688626356588,
    "41": 0.7033286948331334,
    "42": 0.39592158831406543,
    "43": 0.5720682320736032,
    "44": 0.385582753315277,
    "45": 0.43088361835846917,
    "46": 0.32541334994405524,
    "47": 0.4285711083077742,
    "48": 0.6832441459484677,
    "49": 0.33543096303413383,
    "5": 0,
    "50": 0.341260002485244,
    "51": 0.8081231273753317,
    "52": 0,
    "53": 0,
    "54": 0,
    "55": 0,
    "56": 0.8123778333501198,
    "57": 0,
    "58": 0,
    "59": 0,
    "6": 1,
    "60": 1,
    "61": 0,
    "62": 0.8123978464967465,
    "63": 0.7773332701517447,
    "64": 0,
    "65": 0.5110606076705888,
    "66": 0.7514490356943742,
    "67": 0.8121135937246328,
    "68": 0.6671402244143,
    "69": 0.8186031615696131,
    "7": 0,
    "70": 0.5119962888013654,
    "71": 0.7741846360059794,
    "72": 0.7703128004197157,
    "73": 0.8099821773756997,
    "74": 0.4421788413479486,
    "75": 0.5024378528762725,
    "76": 0.8076372723154003,
    "77": 0.41309579550920555,
    "78": 0.5648898010499875,
    "79": 0.7536739071706111,
    "8": 0,
    "80": 0.6694467579931869,
    "81": 0.7516341803569192,
    "82": 0.6429645348380979,
    "83": 0.381646498558597,
    "84": 0.7532089700074914,
    "85": 0.510319981518839,
    "86": 0.7761807079020832,
    "87": 0.7524253184602727,
    "88": 0.45734118642330956,
    "89": 0.5940706858542685,
    "9": 0,
    "90": 0.7741865621670244,
    "91": 0.7196074907212547,
    "92": 0.3484214796264359,
    "93": 0.5366063072208759,
    "94": 0.44214830202856487,
    "95": 0.32152434566145355,
    "96": 0.33582920272519606,
    "97": 0.4583104383085931,
    "98": 0.6776513299781334,
    "99": 0.328677727324264
}