{
    "1": 0,
    "10": 0,
    "100": 0.2984505358321736,
    "11": 0,
    "12": 0.8117639498375175,
    "13": 0.7811592274427543,
    "14": 0,
    "15": 0.5096896317114793,
    "16": 0.7517345482183382,
    "17": 0.8076147228306053,
    "18": 0.6694495243629729,
    "19": 0.8100755933294104,
    "2": 0,
    "20": 0.5119287948098934,
    "21": 0.7815107960177953,
    "22": 0.7535921749471376,
    "23": 0.7913121914776068,
    "24": 0.6420144105713678,
    "25": 0.5119700236499498,
    "26": 0.7922112740480994,
    "27": 0.410892520114755,
    "28": 0.671833393386327,
    "29": 0.7542269851387566,
    "3": 0,
    "30": 0.6694522243170495,
    "31": 0.7516725238445612,
    "32": 0.7327786153309819,
    "33": 0.40333762507586707,
    "34": 0.7164960555938313,
    "35": 0.5119695370972681,
    "36": 0.7543742929778774,
    "37": 0.7523725675421125,
    "38": 0.5429921754977273,
    "39": 0.5353487650648153,
    "4": 0,
    "40": 0.7875196823186331,
    "41": 0.7180113026876249,
    "42": 0.5329794707377515,
    "43": 0.48397406143664995,
    "44": 0.39687261974440274,
    "45": 0.3350864224197242,
    "46": 0.26081932263943985,
    "47": 0.4216242658534128,
    "48": 0.7333456972610982,
    "49": 0.3057132275096015,
    "5": 0,
    "50": 0.3841350633008816,
    "51": 0.8083638680241444,
    "52": 0,
    "53": 0,
    "54": 0,
    "55": 0,
    "56": 0,
    "57": 0,
    "58": 0,
    "59": 0,
    "6": 0,
    "60": 0,
    "61": 0,
    "62": 0.8118075135786056,
    "63": 0.7815624877393715,
    "64": 0.6694424168672246,
    "65": 0.5118900296127534,
    "66": 0.7516079724425941,
    "67": 0.8083308966362263,
    "68": 0.6694423920903745,
    "69": 0.8155564322943916,
    "7": 0,
    "70": 0.511910957841259,
    "71": 0.7871330621387718,
    "72": 0.7535807862283336,
    "73": 0.7913096366458862,
    "74": 0.4032479118319025,
    "75": 0.5117432750113109,
    "76": 0.7943210928752512,
    "77": 0.4087907123277458,
    "78": 0.7231897413619663,
    "79": 0.7543085717537964,
    "8": 0,
    "80": 0.6694238529279365,
    "81": 0.7516890677364312,
    "82": 0.7412362396114192,
    "83": 0.404126275984282,
    "84": 0.7190024211429605,
    "85": 0.5118865191481023,
    "86": 0.7543095358177669,
    "87": 0.752412174377998,
    "88": 0.5429704416064427,
    "89": 0.36984393624698675,
    "9": 0,
    "90": 0.7873916906113233,
    "91": 0.7157582628638711,
    "92": 0.5311416409041232,
    "93": 0.6827998787503325,
    "94": 0.33451709492863374,
    "95": 0.36902457749705664,
    "96": 0.26030811237807117,
    "97": 0.34726715881510684,
    "98": 0.7147330722474304,
    "99": 0.3326454631528383
}