{
    "1": 0,
    "10": 0,
    "100": 0.3739201439848439,
    "11": 0,
    "12": 0.8117639498375175,
    "13": 0.7811592274427543,
    "14": 0,
    "15": 0.5568751739374618,
    "16": 0.7517345482183382,
    "17": 0.8076147228306053,
    "18": 0.6718500138519563,
    "19": 0.8100755933294104,
    "2": 0,
    "20": 0.5520043146383975,
    "21": 0.7872629215814205,
    "22": 0.7650270681568798,
    "23": 0.8139603274707001,
    "24": 0.01,
    "25": 0.5805715432976362,
    "26": 0.7922112740480994,
    "27": 0.45967582278974917,
    "28": 0.6549406951760925,
    "29": 0.7542269851387566,
    "3": 0,
    "30": 0.6792398367543613,
    "31": 0.7516725238445612,
    "32": 0.6566068072709099,
    "33": 0.4376518264027073,
    "34": 0.7433356880921682,
    "35": 0.5200424760734265,
    "36": 0.7543742929778774,
    "37": 0.7308372455483478,
    "38": 0.416108088541357,
    "39": 0.5619758199576496,
    "4": 0,
    "40": 0.7875196823186331,
    "41": 0.6695735311380693,
    "42": 0.3923703976923541,
    "43": 0.591446701592757,
    "44": 0.43598060526634336,
    "45": 0.40014003585974256,
    "46": 0.29004817044991504,
    "47": 0.3736119319483094,
    "48": 0.7333456972610982,
    "49": 0.307876543644554,
    "5": 0,
    "50": 0.4136168809300408,
    "51": 0.8083638680241444,
    "52": 0,
    "53": 0,
    "54": 0,
    "55": 0,
    "56": 0,
    "57": 0,
    "58": 0,
    "59": 0,
    "6": 0,
    "60": 0,
    "61": 0,
    "62": 0.8118075135786056,
    "63": 0.7815624877393715,
    "64": 0.01,
    "65": 0.01,
    "66": 0.7516079724425941,
    "67": 0.8083308966362263,
    "68": 0.6795298330343925,
    "69": 0.8155564322943916,
    "7": 0,
    "70": 0.5593982886113822,
    "71": 0.7871330621387718,
    "72": 0.7724551264314857,
    "73": 0.7913096366458862,
    "74": 0.42635753176844554,
    "75": 0.547911846198479,
    "76": 0.7943210928752512,
    "77": 0.502168849678928,
    "78": 0.6745977360122818,
    "79": 0.7722182305436771,
    "8": 0,
    "80": 0.6694238529279365,
    "81": 0.7695707712707134,
    "82": 0.7412362396114192,
    "83": 0.3683172037203762,
    "84": 0.7259615457960614,
    "85": 0.5492150967229055,
    "86": 0.7543095358177669,
    "87": 0.752412174377998,
    "88": 0.5206627365531333,
    "89": 0.596132099162155,
    "9": 0,
    "90": 0.7854740862935662,
    "91": 0.7373080626385902,
    "92": 0.3385824755325335,
    "93": 0.5653541048619833,
    "94": 0.4184597427375947,
    "95": 0.4410858007978325,
    "96": 0.3560660907980559,
    "97": 0.4334289218673263,
    "98": 0.6938785007281973,
    "99": 0.36958719575083404
}