{
    "1": 0,
    "10": 0,
    "100": 0.3917145898473895,
    "11": 0,
    "12": 0.8118226000275678,
    "13": 0.7910600905129176,
    "14": 0.6694499379307848,
    "15": 0.5096565295658825,
    "16": 0.7533790300132845,
    "17": 0.8119380032227305,
    "18": 0.7493197640380441,
    "19": 0.8100570420669494,
    "2": 0,
    "20": 0.5119575823490561,
    "21": 0.787126097221887,
    "22": 0.753590199471699,
    "23": 0.8054447402281975,
    "24": 0.5084880877186341,
    "25": 0.5118364098182342,
    "26": 0.8096672139074826,
    "27": 0.40885674177605624,
    "28": 0.6469994649288954,
    "29": 0.7543065564491672,
    "3": 0,
    "30": 0.6694499473741583,
    "31": 0.7514686360671378,
    "32": 0.7352843325256303,
    "33": 0.4040192571901872,
    "34": 0.7145562938945049,
    "35": 0.5115937533916213,
    "36": 0.754033396514489,
    "37": 0.7523946600329617,
    "38": 0.35215067615002654,
    "39": 0.37978776573383016,
    "4": 0,
    "40": 0.7794813222555349,
    "41": 0.7335711829697513,
    "42": 0.5349676329591629,
    "43": 0.5888261331506512,
    "44": 0.33955869814833506,
    "45": 0.3561278364862155,
    "46": 0.262490682363287,
    "47": 0.40279837327940027,
    "48": 0.7339068253684856,
    "49": 0.301781484628645,
    "5": 0,
    "50": 0.38412511167999486,
    "51": 0.8082027546957467,
    "52": 0,
    "53": 0,
    "54": 0,
    "55": 0,
    "56": 0,
    "57": 0,
    "58": 0.5115644544217822,
    "59": 0,
    "6": 0,
    "60": 0,
    "61": 0.7872608269521261,
    "62": 0.8080686178152898,
    "63": 0.7818801743576266,
    "64": 0.7492791183613225,
    "65": 0.5115049206103558,
    "66": 0.7545891287114453,
    "67": 0.8076890114925778,
    "68": 0.669433945808996,
    "69": 0.808418092809194,
    "7": 0,
    "70": 0.5117330833363727,
    "71": 0.7872244674513226,
    "72": 0.7535857884537803,
    "73": 0.7943252353335751,
    "74": 0.7229770206367295,
    "75": 0.5096724448676836,
    "76": 0.7943205026834613,
    "77": 0.4089051357846279,
    "78": 0.7232182335131739,
    "79": 0.7542731289154166,
    "8": 0.5117321347916125,
    "80": 0.6694338372753826,
    "81": 0.7542993317228303,
    "82": 0.7351897731947626,
    "83": 0.40335757580219567,
    "84": 0.7184198688543101,
    "85": 0.5119164027861619,
    "86": 0.7543027865721121,
    "87": 0.7184584587623479,
    "88": 0.542999933996759,
    "89": 0.3794393709462465,
    "9": 0,
    "90": 0.786323255497377,
    "91": 0.7335677808406171,
    "92": 0.34691491548800124,
    "93": 0.5275913132887716,
    "94": 0.34878027448379323,
    "95": 0.316607221154466,
    "96": 0.3552898242168104,
    "97": 0.4129376999180366,
    "98": 0.7218086524281607,
    "99": 0.3496905814127026
}