{
    "1": 0,
    "10": 0,
    "100": 0.3549420064935465,
    "11": 0,
    "12": 0.8118226000275678,
    "13": 0.7910600905129176,
    "14": 0.01,
    "15": 0.5597168915311252,
    "16": 0.7673255313817813,
    "17": 0.8119380032227305,
    "18": 0.7493197640380441,
    "19": 0.8100570420669494,
    "2": 0,
    "20": 0.5607574559422231,
    "21": 0.779060950869786,
    "22": 0.7597290100340073,
    "23": 0.8138111349815237,
    "24": 0.44572462826249554,
    "25": 0.5442087936380235,
    "26": 0.8110955345713955,
    "27": 0.4724769506074296,
    "28": 0.6488396332682791,
    "29": 0.7730210752142777,
    "3": 0,
    "30": 0.6807493709435422,
    "31": 0.7514686360671378,
    "32": 0.7352843325256303,
    "33": 0.40451304052683285,
    "34": 0.7267271453781883,
    "35": 0.5385560489191131,
    "36": 0.7733685944866616,
    "37": 0.7461858693042183,
    "38": 0.42821940347655246,
    "39": 0.5918672016951438,
    "4": 0,
    "40": 0.7794813222555349,
    "41": 0.7168352521672977,
    "42": 0.3985828364314374,
    "43": 0.5540116926347894,
    "44": 0.4032532461405949,
    "45": 0.35770071500044837,
    "46": 0.29403980585842643,
    "47": 0.3939103399995666,
    "48": 0.7080439992976177,
    "49": 0.365166581764469,
    "5": 0,
    "50": 0.3982161304854803,
    "51": 0.8082027546957467,
    "52": 0,
    "53": 0,
    "54": 0,
    "55": 0,
    "56": 0,
    "57": 0,
    "58": 0.01,
    "59": 0,
    "6": 0,
    "60": 0,
    "61": 0.7872608269521261,
    "62": 0.8080686178152898,
    "63": 0.7818801743576266,
    "64": 0.7492791183613225,
    "65": 0.5535703690812791,
    "66": 0.7668619052537687,
    "67": 0.8114882785362296,
    "68": 0.6709493692886823,
    "69": 0.808418092809194,
    "7": 0,
    "70": 0.5700900708053698,
    "71": 0.7872244674513226,
    "72": 0.7703632991108491,
    "73": 0.7943252353335751,
    "74": 0.4412440402980686,
    "75": 0.5494754036994168,
    "76": 0.8113662170249983,
    "77": 0.45267756121141284,
    "78": 0.6817379910256832,
    "79": 0.7637668065306533,
    "8": 0.01,
    "80": 0.673006495714563,
    "81": 0.7587220217232525,
    "82": 0.654109486954373,
    "83": 0.43918088548464124,
    "84": 0.7509518802487213,
    "85": 0.5395231178421518,
    "86": 0.7543027865721121,
    "87": 0.7139788061205946,
    "88": 0.5095961935976067,
    "89": 0.6047476898293166,
    "9": 0,
    "90": 0.7846546491424408,
    "91": 0.6868929273215316,
    "92": 0.2871066142582294,
    "93": 0.548055728620358,
    "94": 0.405724977129946,
    "95": 0.3386640818789429,
    "96": 0.4198755375826995,
    "97": 0.3885958063062996,
    "98": 0.7114222417679841,
    "99": 0.33558888155055877
}