{
    "1": -21,
    "10": -6,
    "11": -10,
    "12": -4,
    "13": -29,
    "14": -10,
    "15": -6,
    "16": -5,
    "17": -25,
    "18": -2,
    "19": -19,
    "2": -25,
    "20": -11,
    "21": -15,
    "22": -7,
    "23": -15,
    "24": -2,
    "25": -9,
    "26": -24,
    "27": -22,
    "28": -24,
    "29": -26.41847489150655,
    "3": -22,
    "30": -24,
    "31": -29,
    "32": -9.272701231738779,
    "33": -4,
    "34": -17.866369710467666,
    "35": -10,
    "36": -26.66610312764169,
    "37": -3.085210577864814,
    "38": -10.129755706848186,
    "39": -12.04307692307691,
    "4": -17,
    "40": -16.84357253484768,
    "41": -21.80491101599455,
    "42": -6.519480519480567,
    "43": -9.932732639428423,
    "44": -26.856313497822953,
    "45": -19.85915492957747,
    "46": -10.773494797886087,
    "47": -9.293344289235392,
    "48": -8.639423470641304,
    "49": -22.30205014128569,
    "5": -4,
    "50": -12.055685814772005,
    "6": -12,
    "7": -13,
    "8": -17,
    "9": -20
}