{
    "1": -84.0,
    "10": -25.77777777777778,
    "11": -40.25,
    "12": -18.88372093023256,
    "13": -107.61157024793388,
    "14": -23.05882352941176,
    "15": -11.631578947368421,
    "16": -20.78048780487805,
    "17": -129.30232558139534,
    "18": -5.402684563758389,
    "19": -104.54298642533936,
    "2": -92.85714285714286,
    "20": -25.554585152838428,
    "21": -67.18518518518519,
    "22": -26.686679174484052,
    "23": -78.0344827586207,
    "24": -3.436619718309859,
    "25": -19.56687898089172,
    "26": -127.3448275862069,
    "27": -43.39050131926122,
    "28": -68.97709923664122,
    "29": -102.80579010856468,
    "3": -65.02941176470588,
    "30": -69.23529411764706,
    "31": -126.5015608740895,
    "32": -27.22539949537433,
    "33": -6.878216123499143,
    "34": -64.34759358288755,
    "35": -23.178217821782177,
    "36": -122.08204334365372,
    "37": -11.931818181818086,
    "38": -17.8377997179125,
    "39": -28.84303610906408,
    "4": -70.76744186046513,
    "40": -76.34789391575653,
    "41": -72.1789709172258,
    "42": -10.966019417475808,
    "43": -23.777240609892434,
    "44": -50.975206611570286,
    "45": -33.84000000000001,
    "46": -17.521497919557874,
    "47": -16.050141911068316,
    "48": -28.657008330315367,
    "49": -35.63400576368923,
    "5": -6.571428571428571,
    "50": -19.989308970746468,
    "6": -48.5,
    "7": -50.8936170212766,
    "8": -30.506849315068493,
    "9": -32.285714285714285
}