{
    "1": 1,
    "10": 1,
    "11": 2,
    "12": 2,
    "13": 2,
    "14": 2,
    "15": 2,
    "16": 0.7714529925918843,
    "17": 0.8277782901482851,
    "18": 2,
    "19": 0.8186007263038921,
    "2": 1,
    "20": 2,
    "21": 0.7847530166909062,
    "22": 0.7684480470171348,
    "23": 0.8147273603928533,
    "24": 0.4772528489340537,
    "25": 0.5671400973945462,
    "26": 0.8150886017592488,
    "27": 0.5079248444260084,
    "28": 0.6728070990970277,
    "29": 0.7642948753959038,
    "3": 1,
    "30": 0.6833790473482343,
    "31": 0.7770038867596676,
    "32": 0.6970724851905111,
    "33": 0.44019715239775287,
    "34": 0.7397701774068434,
    "35": 0.5954310309927129,
    "36": 0.7821392720575711,
    "37": 0.7329074387703249,
    "38": 0.4359131920876015,
    "39": 0.5878014005052039,
    "4": 1,
    "40": 0.777709934292201,
    "41": 0.6976602012962799,
    "42": 0.39875969536691847,
    "43": 0.6053999804029455,
    "44": 0.4453057844770715,
    "45": 0.469236965452575,
    "46": 0.3495219510434539,
    "47": 0.40587922485058464,
    "48": 0.712626682540086,
    "49": 0.41960996360534036,
    "5": 1,
    "50": 0.34746375461448553,
    "6": 1,
    "7": 1,
    "8": 2,
    "9": 1
}