{
    "1": 0,
    "10": 0,
    "100": 0.3685938748653328,
    "11": 0,
    "12": 1,
    "13": -1,
    "14": -1,
    "15": 1,
    "16": 0,
    "17": 0.820390147611865,
    "18": 0.6840114567438563,
    "19": 0.8144977736855288,
    "2": 0,
    "20": 0.552426802013711,
    "21": 0.779081319033889,
    "22": -1,
    "23": 0,
    "24": 0.44857642070307757,
    "25": 0,
    "26": 0.8070609216370609,
    "27": 0.4335217103235154,
    "28": 0.6946535371006024,
    "29": 0.7674078431302894,
    "3": 0,
    "30": 0.7006150303834027,
    "31": 0.7459818382537375,
    "32": 0.6442469066914948,
    "33": 0.40303495068766193,
    "34": 0.763910145446548,
    "35": 0.5629984354743104,
    "36": 0.7775438043877734,
    "37": 0.7532070868148252,
    "38": 0.41441988926423645,
    "39": 0.6241750639374142,
    "4": 0,
    "40": 0.7636989992678128,
    "41": 0.7408576979133366,
    "42": 0.33722222248918027,
    "43": 0.5761204261723324,
    "44": 0.4691878382657543,
    "45": 0.4221570966527684,
    "46": 0.2563272428974498,
    "47": 0.42636408020800876,
    "48": 0.7493224964674553,
    "49": 0.3385508031310021,
    "5": 0,
    "50": 0.40720214894296874,
    "51": 0,
    "52": 0,
    "53": 0,
    "54": 0,
    "55": 0,
    "56": 0,
    "57": 0,
    "58": 0,
    "59": 0,
    "6": 1,
    "60": 1,
    "61": 0,
    "62": -1,
    "63": -1,
    "64": 0,
    "65": 0.5888715850940855,
    "66": 1,
    "67": 0.816603550013272,
    "68": 0.7085627681954325,
    "69": 0.8145555947590825,
    "7": 0,
    "70": 0,
    "71": 0.7804053558192466,
    "72": 0.7738325425756717,
    "73": 0.811239599351583,
    "74": 0.43659022388477614,
    "75": 0.5559204463314052,
    "76": 0.8111986115221674,
    "77": 0.49265055363959154,
    "78": 0.7016233725114758,
    "79": 0.7705280394103418,
    "8": 0,
    "80": 0.6804868893194074,
    "81": 0.7677683836646377,
    "82": 0.6677911901725782,
    "83": 0.42937082720408826,
    "84": 0.7590258733774129,
    "85": 0.5647823299081801,
    "86": 0.779497204376443,
    "87": 0.7527113478064426,
    "88": 0.4535421391570984,
    "89": 0.6222884642736775,
    "9": 0,
    "90": 0.7735308074274302,
    "91": 0.7248126915131835,
    "92": 0.3449467887836437,
    "93": 0.5575939133593261,
    "94": 0.43432360557788535,
    "95": 0.36456658815808834,
    "96": 0.27149298580812203,
    "97": 0.37731629314958287,
    "98": 0.7207836431693934,
    "99": 0.31007659223577894
}