{
    "1": 0,
    "10": 0,
    "100": 0.05938930879668306,
    "11": 0.622643574137837,
    "12": 0,
    "13": 0.560648167541652,
    "14": 0.49373095553397967,
    "15": 0.29523255894471645,
    "16": 0.567315849110476,
    "17": 0.574864209966518,
    "18": 0.5526148036052416,
    "19": 0.5544167152818575,
    "2": 0,
    "20": 0.2956950743617095,
    "21": 0.6226717257173752,
    "22": 0.5567104542626099,
    "23": 0.565445336925562,
    "24": 0.10191185507897034,
    "25": 0.29500950017542493,
    "26": 0.5555876392303045,
    "27": 0.24622942901535624,
    "28": 0.5358384351044824,
    "29": 0.5563212484442202,
    "3": 0,
    "30": 0.5525596185359312,
    "31": 0.5672879363112209,
    "32": 0.53490810040905,
    "33": 0.10715480619789391,
    "34": 0.5348374352050169,
    "35": 0.295983654339766,
    "36": 0.5539051146763776,
    "37": 0.5425388747100574,
    "38": 0.41740327156046453,
    "39": 0.3012380201988868,
    "4": 0,
    "40": 0.6225329099846643,
    "41": 0.5795703857220724,
    "42": 0.39586741449645557,
    "43": 0.1167518773875155,
    "44": 0.3787398688270986,
    "45": 0.18382323336705253,
    "46": 0.10733600539027391,
    "47": 0.24815664332451937,
    "48": 0.6023359221752473,
    "49": 0.19049456885817584,
    "5": 0,
    "50": 0.1233715823405925,
    "51": 0.6404706788702512,
    "52": 0,
    "53": 0,
    "54": 0,
    "55": 0,
    "56": 0.640575615383213,
    "57": 0,
    "58": 0,
    "59": 0,
    "6": 0,
    "60": 0.5530978567329311,
    "61": 0.5784046011793871,
    "62": 0.6401794196980348,
    "63": 0.6325348626967633,
    "64": 0,
    "65": 0.2951418049557206,
    "66": 0.5749498226706659,
    "67": 0.5723318916654375,
    "68": 0.5123207995070839,
    "69": 0.6223486299490554,
    "7": 0,
    "70": 0.2748855437866728,
    "71": 0.6387590659905032,
    "72": 0.5637817900725282,
    "73": 0.6208444814813671,
    "74": 0.10088318303589158,
    "75": 0.2962549855808918,
    "76": 0.5903334138466495,
    "77": 0.5513274061415726,
    "78": 0.5695976704176815,
    "79": 0.5647923235270714,
    "8": 0,
    "80": 0.5526192395781363,
    "81": 0.559113591913947,
    "82": 0.5527428210702867,
    "83": 0.10107706574511681,
    "84": 0.5655415040013065,
    "85": 0.2747857475175665,
    "86": 0.5678408135227475,
    "87": 0.5595955837459864,
    "88": 0.41260508197077217,
    "89": 0.36832051955064943,
    "9": 0,
    "90": 0.6024253718771254,
    "91": 0.6038524698011947,
    "92": 0.13253068441703286,
    "93": 0.5932087071506404,
    "94": 0.25453854409572224,
    "95": 0.17195428198235002,
    "96": 0.09996715481462431,
    "97": 0.2830701466189332,
    "98": 0.6101545613996894,
    "99": 0.2308923290061001
}