{
    "1": 0,
    "10": 0,
    "100": 0.23873977677970226,
    "11": 0.7560881704831546,
    "12": 0,
    "13": 0.7947276093335569,
    "14": 0.6255318685541622,
    "15": 0.5119398276140646,
    "16": 0.7516216764392234,
    "17": 0.8101927753247204,
    "18": 0.6694388722971953,
    "19": 0.8094507856750819,
    "2": 0,
    "20": 0.5118166591086595,
    "21": 0.756103505272699,
    "22": 0.7535894599110027,
    "23": 0.7933019558236429,
    "24": 0.40409339423640056,
    "25": 0.5120052001848573,
    "26": 0.7944745013629537,
    "27": 0.40894474316760815,
    "28": 0.6670906226635921,
    "29": 0.7542587845907103,
    "3": 0,
    "30": 0.6694338426026181,
    "31": 0.7516196728309328,
    "32": 0.717904308636074,
    "33": 0.3956676072563197,
    "34": 0.7179295872996377,
    "35": 0.512016129541284,
    "36": 0.7396059654748727,
    "37": 0.7184470510707517,
    "38": 0.5303801670514232,
    "39": 0.48115125626317573,
    "4": 0,
    "40": 0.7560306760000342,
    "41": 0.7239299127387361,
    "42": 0.5318868192475615,
    "43": 0.3797545383422291,
    "44": 0.535221022530774,
    "45": 0.3193168721526036,
    "46": 0.2630185867607755,
    "47": 0.4131791020790736,
    "48": 0.6984491129907784,
    "49": 0.3472113313641439,
    "5": 0,
    "50": 0.28453569321665706,
    "51": 0.8081991497910481,
    "52": 0,
    "53": 0,
    "54": 0,
    "55": 0,
    "56": 0.8082734833402031,
    "57": 0,
    "58": 0,
    "59": 0,
    "6": 0,
    "60": 0.809322473994486,
    "61": 0.7567690785929586,
    "62": 0.8080626384509126,
    "63": 0.7772228886096313,
    "64": 0,
    "65": 0.5119396453780019,
    "66": 0.7546210598751959,
    "67": 0.8071033941016063,
    "68": 0.638426833399012,
    "69": 0.8086134970568424,
    "7": 0,
    "70": 0.5073456250101601,
    "71": 0.7815887490564825,
    "72": 0.7540821005615668,
    "73": 0.8070058924984879,
    "74": 0.40337787063980995,
    "75": 0.5120205263878828,
    "76": 0.7999199281982332,
    "77": 0.6605601465859664,
    "78": 0.7003707274090017,
    "79": 0.7531010903354016,
    "8": 0,
    "80": 0.6694390431133707,
    "81": 0.7289582329500406,
    "82": 0.6836779197936632,
    "83": 0.4031537182938898,
    "84": 0.7005179270479196,
    "85": 0.5074501543663957,
    "86": 0.7509958726058982,
    "87": 0.7312952663302208,
    "88": 0.5429864186792964,
    "89": 0.5227864205449522,
    "9": 0,
    "90": 0.7595345352419757,
    "91": 0.7334018928522,
    "92": 0.3327052895264352,
    "93": 0.6983287854506801,
    "94": 0.41492721725244874,
    "95": 0.3197369653113517,
    "96": 0.2594918167345621,
    "97": 0.46640517665514375,
    "98": 0.6990224421540181,
    "99": 0.38843122561411475
}