{
    "1": 0,
    "10": 0,
    "11": 0.7859400711537198,
    "12": 0.8120723604650973,
    "13": 0.7909843365037174,
    "14": 0.6694442753089249,
    "15": 0.5118439546761208,
    "16": 0.7547420827730292,
    "17": 0.8123021971381975,
    "18": 0.6694230638378365,
    "19": 0.8128177379716972,
    "2": 0,
    "20": 0.5119746512923384,
    "21": 0.7873456755941777,
    "22": 0.7578207020951047,
    "23": 0.7953447984119658,
    "24": 0.4033235549557517,
    "25": 0.5117208166651842,
    "26": 0.7922216801045837,
    "27": 0.40884613639265166,
    "28": 0.6701210729475064,
    "29": 0.7543065271912964,
    "3": 0,
    "30": 0.6694440699692743,
    "31": 0.7515872977184924,
    "32": 0.7241310740177765,
    "33": 0.40360613660209593,
    "34": 0.7183891075470606,
    "35": 0.5119591214561822,
    "36": 0.7540409598203043,
    "37": 0.7184824827966181,
    "38": 0.5429890018254444,
    "39": 0.38226824664845294,
    "4": 0,
    "40": 0.7795184615088389,
    "41": 0.718018888660808,
    "42": 0.3471106974792736,
    "43": 0.6929854377970395,
    "44": 0.3471253785068407,
    "45": 0.3354453224836682,
    "46": 0.26038948462562167,
    "47": 0.40472304766324585,
    "48": 0.7119690475080521,
    "49": 0.36317780655525717,
    "5": 0,
    "50": 0.37278875190309,
    "6": 0,
    "7": 0.8086390412490494,
    "8": 0.511506716675387,
    "9": 0
}