{
    "1": 0,
    "10": 0,
    "100": 0.3345538426385962,
    "11": 0,
    "12": 0,
    "13": 0.7773024545074239,
    "14": 0,
    "15": 0.5119579398347064,
    "16": 0.7517782158000729,
    "17": 0.8081528031499091,
    "18": 0.6694375742324727,
    "19": 0.8094726564691552,
    "2": 0,
    "20": 0.5117035441661466,
    "21": 0.7874853275099888,
    "22": 0.7535879374741105,
    "23": 0.7922132472652611,
    "24": 0.403548097147042,
    "25": 0.511922115895786,
    "26": 0.7913062729763606,
    "27": 0.4088252525396258,
    "28": 0.6432920739676499,
    "29": 0.7542250697023831,
    "3": 0,
    "30": 0.6694418991765139,
    "31": 0.7524623361365164,
    "32": 0.7293964121566943,
    "33": 0.40336633591497906,
    "34": 0.7220867123316311,
    "35": 0.511882311135585,
    "36": 0.7545570342234655,
    "37": 0.752373195632046,
    "38": 0.3521609125053292,
    "39": 0.44925375489196107,
    "4": 0,
    "40": 0.7713827969126167,
    "41": 0.717326437341421,
    "42": 0.531888863189398,
    "43": 0.6826871223458327,
    "44": 0.3472464113723327,
    "45": 0.3166551352173293,
    "46": 0.25945854830303716,
    "47": 0.3460136239056014,
    "48": 0.7102415494193033,
    "49": 0.3325816580718313,
    "5": 0,
    "50": 0.3781458719486048,
    "51": 0.8052991546816337,
    "52": 0,
    "53": 0,
    "54": 0,
    "55": 0,
    "56": 0.8083588494277254,
    "57": 0,
    "58": 0,
    "59": 0,
    "6": 0,
    "60": 0,
    "61": 0,
    "62": 0.8120522228322486,
    "63": 0.7772957050991972,
    "64": 0,
    "65": 0.5119608722835314,
    "66": 0.7516028151680224,
    "67": 0.8080238333573279,
    "68": 0.6662501693925131,
    "69": 0.8095413454895867,
    "7": 0,
    "70": 0.5119226915480302,
    "71": 0.7870609044134027,
    "72": 0.753566670087391,
    "73": 0.7922164327750116,
    "74": 0.4017184399748861,
    "75": 0.5119979256584373,
    "76": 0.8089615996840057,
    "77": 0.40893796377439756,
    "78": 0.6780744612248709,
    "79": 0.7542314797708016,
    "8": 0,
    "80": 0.6694398573284431,
    "81": 0.7514563742976488,
    "82": 0.7417962622743319,
    "83": 0.4036387793949029,
    "84": 0.7181070439246394,
    "85": 0.5119985495554074,
    "86": 0.7542005202461839,
    "87": 0.7524000882685513,
    "88": 0.5429596096306573,
    "89": 0.48143214167985215,
    "9": 0,
    "90": 0.7813979106162275,
    "91": 0.7178914494192848,
    "92": 0.4238961325816538,
    "93": 0.682765187386644,
    "94": 0.31689870170983486,
    "95": 0.3555204182338814,
    "96": 0.2614311053656316,
    "97": 0.3472644915556573,
    "98": 0.7235810546277435,
    "99": 0.36342961686307057
}