{
    "1": 0,
    "10": 0,
    "100": 0.32810654354321656,
    "11": 0.7561182692334846,
    "12": 0.8091816852291831,
    "13": 0.7823533999767947,
    "14": 0.6489475976696977,
    "15": 0.7859994641849781,
    "16": 0.7376532679835544,
    "17": 0.8052739683745109,
    "18": 0.6467896179700772,
    "19": 0.8044245426774524,
    "2": 0,
    "20": 0.7859983801120309,
    "21": 0.7548721257582338,
    "22": 0.753807091465395,
    "23": 0.7662642767583958,
    "24": 0.5342998448186066,
    "25": 0.7859973510450167,
    "26": 0.766289428493859,
    "27": 0.6335831605676964,
    "28": 0.7126078071869224,
    "29": 0.7504627171764002,
    "3": 0,
    "30": 0.6424831095370773,
    "31": 0.7376967667905779,
    "32": 0.7121560720161442,
    "33": 0.5324745417240953,
    "34": 0.7352288048169088,
    "35": 0.7860035824584866,
    "36": 0.7509971399563686,
    "37": 0.7276932915018814,
    "38": 0.513704194925403,
    "39": 0.5353619581030734,
    "4": 0,
    "40": 0.7563694163708786,
    "41": 0.6873683546431405,
    "42": 0.3910527034380925,
    "43": 0.7193864873378156,
    "44": 0.3144191697451805,
    "45": 0.38391445347314346,
    "46": 0.34016387274338195,
    "47": 0.35057287134556936,
    "48": 0.6893752257413581,
    "49": 0.3144202398878358,
    "5": 0,
    "50": 0.30340248695804806,
    "51": 0.8089371674216389,
    "52": 0,
    "53": 0,
    "54": 0,
    "55": 0,
    "56": 0,
    "57": 0,
    "58": 0.7860017272570005,
    "59": 0,
    "6": 0,
    "60": 0,
    "61": 0,
    "62": 0.8054630208785797,
    "63": 0.7798109297811875,
    "64": 0.6389115190838919,
    "65": 0.7859923495480818,
    "66": 0.7382197841274118,
    "67": 0.8087789288684682,
    "68": 0.6458092282666921,
    "69": 0.7887018810559061,
    "7": 0,
    "70": 0.7860008716781095,
    "71": 0.7564239547407904,
    "72": 0.7416511208552631,
    "73": 0.7662683491688653,
    "74": 0.5352940554386351,
    "75": 0.7860021249868097,
    "76": 0.7662616298651912,
    "77": 0.6263551497851262,
    "78": 0.7126289770323406,
    "79": 0.7465551323257131,
    "8": 0,
    "80": 0.6443279836375118,
    "81": 0.7376841281612004,
    "82": 0.7106195102939453,
    "83": 0.6830418214972943,
    "84": 0.7395611210240652,
    "85": 0.7860011738326729,
    "86": 0.7504743175594625,
    "87": 0.7403584517468671,
    "88": 0.5185719281621254,
    "89": 0.5365781298452474,
    "9": 0,
    "90": 0.7565749079489404,
    "91": 0.690700802825874,
    "92": 0.39544565052796116,
    "93": 0.7214266865959728,
    "94": 0.46354471067576264,
    "95": 0.3612829217417275,
    "96": 0.3402158801154707,
    "97": 0.35018328190261455,
    "98": 0.6972594216511103,
    "99": 0.30495623932581756
}