{
    "1": 0,
    "10": 0,
    "11": 0.757433590701774,
    "12": 0.8042674554391966,
    "13": 0.7788696959381229,
    "14": 0.666930517683965,
    "15": 0.7859991270745025,
    "16": 0.7377180467056675,
    "17": 0.8065982888106558,
    "18": 0.6533758675817861,
    "19": 0.8046217241573078,
    "2": 0,
    "20": 0.7860034137806781,
    "21": 0.7572788495409157,
    "22": 0.7427735314957202,
    "23": 0.7844063328263714,
    "24": 0.5414821689383851,
    "25": 0.7860017095939371,
    "26": 0.7862936585344085,
    "27": 0.6669667001350333,
    "28": 0.6974092700676325,
    "29": 0.750461571467255,
    "3": 0,
    "30": 0.6569560378808654,
    "31": 0.7382185983318211,
    "32": 0.734490528932712,
    "33": 0.59129583804335,
    "34": 0.7340175566164695,
    "35": 0.7859966090347854,
    "36": 0.7518128403204636,
    "37": 0.7504188933642747,
    "38": 0.5441690354971723,
    "39": 0.6136002544063957,
    "4": 0,
    "40": 0.75657616851041,
    "41": 0.6986731171857324,
    "42": 0.378568740115558,
    "43": 0.6856139271679207,
    "44": 0.36818832153247505,
    "45": 0.3561729381869225,
    "46": 0.346602884444706,
    "47": 0.5942154764340134,
    "48": 0.7015369254076983,
    "49": 0.300957681227369,
    "5": 0,
    "50": 0.2972255075579118,
    "6": 0.809114062589277,
    "7": 0,
    "8": 0.786003990527095,
    "9": 0
}