{
    "1": 0,
    "10": 0,
    "100": 0.37895547686851805,
    "11": 0.7561182692334846,
    "12": 0.8091816852291831,
    "13": 0.7823533999767947,
    "14": 0.01,
    "15": 0.7859994641849781,
    "16": 0.7376532679835544,
    "17": 0.8052739683745109,
    "18": 0.6718421142998559,
    "19": 0.8044245426774524,
    "2": 0,
    "20": 0.7859983801120309,
    "21": 0.7811687399182167,
    "22": 0.7665001187097507,
    "23": 0.8080993065279068,
    "24": 0.3937558569577911,
    "25": 0.5636986740437903,
    "26": 0.8119304474366223,
    "27": 0.49786472286811306,
    "28": 0.6440769365508078,
    "29": 0.7504627171764002,
    "3": 0,
    "30": 0.6722892186829187,
    "31": 0.7376967667905779,
    "32": 0.7121560720161442,
    "33": 0.3758594672970359,
    "34": 0.7352288048169088,
    "35": 0.7860035824584866,
    "36": 0.7509971399563686,
    "37": 0.7286214543909527,
    "38": 0.39306307523792916,
    "39": 0.568388781545277,
    "4": 0,
    "40": 0.7563694163708786,
    "41": 0.7334537164182151,
    "42": 0.38041464191336954,
    "43": 0.5362226059995144,
    "44": 0.3982974326209357,
    "45": 0.43242131861577854,
    "46": 0.29572460148495855,
    "47": 0.4231215823045176,
    "48": 0.7174107411275868,
    "49": 0.38540791503311705,
    "5": 0,
    "50": 0.36454674942072307,
    "51": 0.8089371674216389,
    "52": 0,
    "53": 0,
    "54": 0,
    "55": 0,
    "56": 0,
    "57": 0,
    "58": 0.7860017272570005,
    "59": 0,
    "6": 0,
    "60": 0,
    "61": 0,
    "62": 0.8054630208785797,
    "63": 0.7798109297811875,
    "64": 0.01,
    "65": 0.7859923495480818,
    "66": 0.7726839626776966,
    "67": 0.8087789288684682,
    "68": 0.6872689592463322,
    "69": 0.7887018810559061,
    "7": 0,
    "70": 0.7860008716781095,
    "71": 0.7564239547407904,
    "72": 0.7638400037024811,
    "73": 0.7662683491688653,
    "74": 0.4613106121055876,
    "75": 0.7860021249868097,
    "76": 0.7662616298651912,
    "77": 0.4395085435782408,
    "78": 0.6577257301599808,
    "79": 0.7758587023868722,
    "8": 0,
    "80": 0.6802184357015136,
    "81": 0.7695539321523344,
    "82": 0.7106195102939453,
    "83": 0.4275029185437021,
    "84": 0.7380731827803286,
    "85": 0.7860011738326729,
    "86": 0.7504743175594625,
    "87": 0.7403584517468671,
    "88": 0.5107972726828736,
    "89": 0.6207754837242022,
    "9": 0,
    "90": 0.7795993556676629,
    "91": 0.7091576118126255,
    "92": 0.3539426196194619,
    "93": 0.5546853261193925,
    "94": 0.46354471067576264,
    "95": 0.4138551126239189,
    "96": 0.32976702613080705,
    "97": 0.38286423231434424,
    "98": 0.6975612088445048,
    "99": 0.38873869436676833
}