{
    "1": 0,
    "10": 0,
    "100": 0.3563168705285062,
    "11": 0,
    "12": 0,
    "13": 0.7773024545074239,
    "14": 0,
    "15": 0.5541873844405493,
    "16": 0.7517782158000729,
    "17": 0.8081528031499091,
    "18": 0.6776741973251712,
    "19": 0.8094726564691552,
    "2": 0,
    "20": 0.5478345947447338,
    "21": 0.7871763500940148,
    "22": 0.7685467285901052,
    "23": 0.7922132472652611,
    "24": 0.4346476308753969,
    "25": 0.5540146254392625,
    "26": 0.7913062729763606,
    "27": 0.48808671421205435,
    "28": 0.6442254185335141,
    "29": 0.7542250697023831,
    "3": 0,
    "30": 0.6830812901982154,
    "31": 0.7524623361365164,
    "32": 0.7293964121566943,
    "33": 0.4330657899301435,
    "34": 0.7220867123316311,
    "35": 0.5391326309536303,
    "36": 0.7545570342234655,
    "37": 0.7406589069108083,
    "38": 0.4330758741910326,
    "39": 0.5821042308034773,
    "4": 0,
    "40": 0.7713827969126167,
    "41": 0.7127211926901343,
    "42": 0.3699886875715766,
    "43": 0.5576623400559475,
    "44": 0.4183868668329493,
    "45": 0.3336648190064983,
    "46": 0.30175806639621905,
    "47": 0.4460057509430687,
    "48": 0.6926762497212294,
    "49": 0.3545408503221614,
    "5": 0,
    "50": 0.3163063559991129,
    "51": 0.8052991546816337,
    "52": 0,
    "53": 0,
    "54": 0,
    "55": 0,
    "56": 0.01,
    "57": 0,
    "58": 0,
    "59": 0,
    "6": 0,
    "60": 0,
    "61": 0,
    "62": 0.8120522228322486,
    "63": 0.7772957050991972,
    "64": 0,
    "65": 0.01,
    "66": 0.7516028151680224,
    "67": 0.8080238333573279,
    "68": 0.6664398405338914,
    "69": 0.8095413454895867,
    "7": 0,
    "70": 0.5457255047227239,
    "71": 0.7870609044134027,
    "72": 0.7707667540618561,
    "73": 0.7922164327750116,
    "74": 0.3837152187866319,
    "75": 0.5299964466809842,
    "76": 0.8089615996840057,
    "77": 0.4878223981965449,
    "78": 0.6486097312497912,
    "79": 0.7635553980856487,
    "8": 0,
    "80": 0.6694398573284431,
    "81": 0.7642600551245254,
    "82": 0.7417962622743319,
    "83": 0.3746907590410445,
    "84": 0.7357534367883016,
    "85": 0.564938386945281,
    "86": 0.7542005202461839,
    "87": 0.7415256803727363,
    "88": 0.5239135184259387,
    "89": 0.5758703347248308,
    "9": 0,
    "90": 0.783493966506484,
    "91": 0.6740645438870523,
    "92": 0.4349266412293529,
    "93": 0.5578056154714345,
    "94": 0.4188444463345505,
    "95": 0.4068495284113565,
    "96": 0.34584155430570307,
    "97": 0.43011857399011416,
    "98": 0.6890131878523295,
    "99": 0.31983131948313237
}